/*
SQLyog Community Edition- MySQL GUI v5.20
Host - 5.6.24-log : Database - frases_v1
*********************************************************************
Server version : 5.6.24-log
*/

SET NAMES utf8;

SET SQL_MODE='';

USE `frases_v1`;

SET @OLD_FOREIGN_KEY_CHECKS=@@FOREIGN_KEY_CHECKS, FOREIGN_KEY_CHECKS=0;
SET @OLD_SQL_MODE=@@SQL_MODE, SQL_MODE='NO_AUTO_VALUE_ON_ZERO';

/*Table structure for table `agendamento` */

CREATE TABLE `agendamento` (
  `id` int(8) NOT NULL AUTO_INCREMENT,
  `dt_apresentacao` date DEFAULT NULL,
  `id_mensagem` int(8) DEFAULT NULL,
  PRIMARY KEY (`id`),
  UNIQUE KEY `dt_apresentacao` (`dt_apresentacao`),
  KEY `id_mensagem` (`id_mensagem`),
  CONSTRAINT `agendamento_ibfk_1` FOREIGN KEY (`id_mensagem`) REFERENCES `mensagem` (`id`)
) ENGINE=InnoDB AUTO_INCREMENT=866 DEFAULT CHARSET=latin1;

/*Data for the table `agendamento` */

insert  into `agendamento`(`id`,`dt_apresentacao`,`id_mensagem`) values (470,'2017-01-10',54),(471,'2017-01-11',129),(472,'2017-01-12',37),(473,'2017-01-13',2),(474,'2017-01-14',78),(475,'2017-01-15',73),(476,'2017-01-16',9),(477,'2017-01-17',33),(478,'2017-01-18',16),(479,'2017-01-19',52),(480,'2017-01-20',7),(481,'2017-01-21',88),(482,'2017-01-22',13),(483,'2017-01-23',64),(484,'2017-01-24',130),(485,'2017-01-25',72),(486,'2017-01-26',83),(487,'2017-01-27',40),(488,'2017-01-28',21),(489,'2017-01-29',111),(490,'2017-01-30',84),(491,'2017-01-31',104),(492,'2017-02-01',63),(493,'2017-02-02',31),(494,'2017-02-03',67),(495,'2017-02-04',43),(496,'2017-02-05',74),(497,'2017-02-06',24),(498,'2017-02-07',39),(499,'2017-02-08',105),(500,'2017-02-09',5),(501,'2017-02-10',53),(502,'2017-02-11',29),(503,'2017-02-12',45),(504,'2017-02-13',106),(505,'2017-02-14',44),(506,'2017-02-15',8),(507,'2017-02-16',75),(508,'2017-02-17',51),(509,'2017-02-18',47),(510,'2017-02-19',26),(511,'2017-02-20',58),(512,'2017-02-21',55),(513,'2017-02-22',32),(514,'2017-02-23',35),(515,'2017-02-24',1),(516,'2017-02-25',95),(517,'2017-02-26',49),(518,'2017-02-27',46),(519,'2017-02-28',25),(520,'2017-03-01',34),(521,'2017-03-02',14),(522,'2017-03-03',97),(523,'2017-03-04',109),(524,'2017-03-05',65),(525,'2017-03-06',90),(526,'2017-03-07',68),(527,'2017-03-08',81),(528,'2017-03-09',99),(529,'2017-03-10',54),(530,'2017-03-11',85),(531,'2017-03-12',30),(532,'2017-03-13',71),(533,'2017-03-14',94),(534,'2017-03-15',110),(535,'2017-03-16',91),(536,'2017-03-17',89),(537,'2017-03-18',129),(538,'2017-03-19',79),(539,'2017-03-20',80),(540,'2017-03-21',18),(541,'2017-03-22',59),(542,'2017-03-23',22),(543,'2017-03-24',76),(544,'2017-03-25',3),(545,'2017-03-26',107),(546,'2017-03-27',98),(547,'2017-03-28',61),(548,'2017-03-29',132),(549,'2017-03-30',93),(550,'2017-03-31',17),(551,'2017-04-01',62),(552,'2017-01-08',34),(553,'2017-01-09',35),(554,'2017-06-30',666),(555,'2017-07-01',71),(556,'2017-07-02',803),(557,'2017-04-02',235),(558,'2017-04-03',6),(559,'2017-04-04',316),(560,'2017-04-05',111),(561,'2017-04-06',371),(562,'2017-04-07',766),(563,'2017-04-08',562),(564,'2017-04-09',821),(565,'2017-04-10',221),(566,'2017-04-11',569),(567,'2017-04-12',664),(568,'2017-04-13',684),(569,'2017-04-14',718),(570,'2017-04-15',13),(571,'2017-04-16',449),(572,'2017-04-17',694),(573,'2017-04-18',721),(574,'2017-04-19',526),(575,'2017-04-20',849),(576,'2017-04-21',764),(577,'2017-04-22',763),(578,'2017-04-23',259),(579,'2017-04-24',172),(580,'2017-04-25',322),(581,'2017-04-26',642),(582,'2017-04-27',4),(583,'2017-04-28',290),(584,'2017-04-29',452),(585,'2017-04-30',1),(586,'2017-05-01',403),(587,'2017-05-02',67),(588,'2017-05-03',576),(589,'2017-05-04',749),(590,'2017-05-05',675),(591,'2017-05-06',98),(592,'2017-05-07',673),(593,'2017-05-08',176),(594,'2017-05-09',336),(595,'2017-05-10',533),(596,'2017-05-11',291),(597,'2017-05-12',601),(598,'2017-05-13',648),(599,'2017-05-14',857),(600,'2017-05-15',781),(601,'2017-05-16',448),(602,'2017-05-17',608),(603,'2017-05-18',883),(604,'2017-05-19',742),(605,'2017-05-20',338),(606,'2017-05-21',342),(607,'2017-05-22',499),(608,'2017-05-23',70),(609,'2017-05-24',417),(610,'2017-05-25',78),(611,'2017-05-26',835),(612,'2017-05-27',659),(613,'2017-05-28',475),(614,'2017-05-29',432),(615,'2017-05-30',147),(616,'2017-05-31',735),(617,'2017-06-01',26),(618,'2017-06-02',304),(619,'2017-06-03',715),(620,'2017-06-04',738),(621,'2017-06-05',516),(622,'2017-06-06',439),(623,'2017-06-07',60),(624,'2017-06-08',698),(625,'2017-06-09',859),(626,'2017-06-10',320),(627,'2017-06-11',722),(628,'2017-06-12',815),(629,'2017-06-13',107),(630,'2017-06-14',77),(631,'2017-06-15',804),(632,'2017-06-16',364),(633,'2017-06-17',34),(634,'2017-06-18',378),(635,'2017-06-19',796),(636,'2017-06-20',831),(637,'2017-06-21',52),(638,'2017-06-22',647),(639,'2017-06-23',79),(640,'2017-06-24',156),(641,'2017-06-25',579),(642,'2017-06-26',580),(643,'2017-06-27',381),(644,'2017-06-28',129),(645,'2017-06-29',554),(646,'2017-07-03',401),(647,'2017-07-04',665),(648,'2017-07-05',434),(649,'2017-07-06',799),(650,'2017-07-07',512),(651,'2017-07-08',154),(652,'2017-07-09',425),(653,'2017-07-10',462),(654,'2017-07-11',420),(655,'2017-07-12',237),(656,'2017-07-13',599),(657,'2017-07-14',873),(658,'2017-07-15',345),(659,'2017-07-16',740),(660,'2017-07-17',284),(661,'2017-07-18',844),(662,'2017-07-19',538),(663,'2017-07-20',247),(664,'2017-07-21',18),(665,'2017-07-22',774),(666,'2017-07-23',680),(667,'2017-07-24',510),(668,'2017-07-25',36),(669,'2017-07-26',765),(670,'2017-07-27',334),(671,'2017-07-28',104),(672,'2017-07-29',558),(673,'2017-07-30',528),(674,'2017-07-31',491),(675,'2017-08-01',355),(676,'2017-08-02',428),(677,'2017-08-03',661),(678,'2017-08-04',256),(679,'2017-08-05',202),(680,'2017-08-06',168),(681,'2017-08-07',672),(682,'2017-08-08',315),(683,'2017-08-09',435),(684,'2017-08-10',631),(685,'2017-08-11',696),(686,'2017-08-12',515),(687,'2017-08-13',840),(688,'2017-08-14',440),(689,'2017-08-15',495),(690,'2017-08-16',477),(691,'2017-08-17',264),(692,'2017-08-18',266),(693,'2017-08-19',318),(694,'2017-08-20',94),(695,'2017-08-21',214),(696,'2017-08-22',492),(697,'2017-08-23',871),(698,'2017-08-24',456),(699,'2017-08-25',832),(700,'2017-08-26',103),(701,'2017-08-27',651),(702,'2017-08-28',723),(703,'2017-08-29',640),(704,'2017-08-30',839),(705,'2017-08-31',88),(706,'2017-09-01',46),(707,'2017-09-02',216),(708,'2017-09-03',429),(709,'2017-09-04',431),(710,'2017-09-05',424),(711,'2017-09-06',213),(712,'2017-09-07',611),(713,'2017-09-08',534),(714,'2017-09-09',560),(715,'2017-09-10',447),(716,'2017-09-11',679),(717,'2017-09-12',288),(718,'2017-09-13',868),(719,'2017-09-14',505),(720,'2017-09-15',204),(721,'2017-09-16',28),(722,'2017-09-17',701),(723,'2017-09-18',249),(724,'2017-09-19',544),(725,'2017-09-20',17),(726,'2017-09-21',393),(727,'2017-09-22',746),(728,'2017-09-23',769),(729,'2017-09-24',335),(730,'2017-09-25',303),(731,'2017-09-26',644),(732,'2017-09-27',577),(733,'2017-09-28',222),(734,'2017-09-29',193),(735,'2017-09-30',190),(736,'2017-10-01',395),(737,'2017-10-02',760),(738,'2017-10-03',296),(739,'2017-10-04',73),(740,'2017-10-05',880),(741,'2017-10-06',215),(742,'2017-10-07',652),(743,'2017-10-08',564),(744,'2017-10-09',368),(745,'2017-10-10',506),(746,'2017-10-11',145),(747,'2017-10-12',805),(748,'2017-10-13',220),(749,'2017-10-14',75),(750,'2017-10-15',23),(751,'2017-10-16',618),(752,'2017-10-17',177),(753,'2017-10-18',811),(754,'2017-10-19',365),(755,'2017-10-20',321),(756,'2017-10-21',581),(757,'2017-10-22',497),(758,'2017-10-23',624),(759,'2017-10-24',179),(760,'2017-10-25',826),(761,'2017-10-26',43),(762,'2017-10-27',356),(763,'2017-10-28',194),(764,'2017-10-29',443),(765,'2017-10-30',767),(766,'2017-10-31',269),(767,'2017-11-01',272),(768,'2017-11-02',337),(769,'2017-11-03',540),(770,'2017-11-04',846),(771,'2017-11-05',674),(772,'2017-11-06',254),(773,'2017-11-07',848),(774,'2017-11-08',95),(775,'2017-11-09',132),(776,'2017-11-10',283),(777,'2017-11-11',757),(778,'2017-11-12',773),(779,'2017-11-13',872),(780,'2017-11-14',494),(781,'2017-11-15',139),(782,'2017-11-16',836),(783,'2017-11-17',183),(784,'2017-11-18',729),(785,'2017-11-19',508),(786,'2017-11-20',612),(787,'2017-11-21',224),(788,'2017-11-22',739),(789,'2017-11-23',267),(790,'2017-11-24',633),(791,'2017-11-25',638),(792,'2017-11-26',184),(793,'2017-11-27',399),(794,'2017-11-28',415),(795,'2017-11-29',407),(796,'2017-11-30',227),(797,'2017-12-01',142),(798,'2017-12-02',787),(799,'2017-12-03',408),(800,'2017-12-04',373),(801,'2017-12-05',229),(802,'2017-12-06',55),(803,'2017-12-07',56),(804,'2017-12-08',759),(805,'2017-12-09',617),(806,'2017-12-10',333),(807,'2017-12-11',384),(808,'2017-12-12',380),(809,'2017-12-13',536),(810,'2017-12-14',22),(811,'2017-12-15',876),(812,'2017-12-16',31),(813,'2017-12-17',468),(814,'2017-12-18',521),(815,'2017-12-19',667),(816,'2017-12-20',812),(817,'2017-12-21',522),(818,'2017-12-22',690),(819,'2017-12-23',808),(820,'2017-12-24',138),(821,'2017-12-25',310),(822,'2017-12-26',800),(823,'2017-12-27',38),(824,'2017-12-28',99),(825,'2017-12-29',41),(826,'2017-12-30',238),(827,'2017-12-31',744),(828,'2018-01-01',730),(829,'2018-01-02',361),(830,'2018-01-03',165),(831,'2018-01-04',150),(832,'2018-01-05',189),(833,'2018-01-06',27),(834,'2018-01-07',571),(835,'2018-01-08',758),(836,'2018-01-09',86),(837,'2018-01-10',199),(838,'2018-01-11',411),(839,'2018-01-12',755),(840,'2018-01-13',357),(841,'2018-01-14',48),(842,'2018-01-15',376),(843,'2018-01-16',645),(844,'2018-01-17',257),(845,'2018-01-18',260),(846,'2018-01-19',697),(847,'2018-01-20',153),(848,'2018-01-21',446),(849,'2018-01-22',293),(850,'2018-01-23',349),(851,'2018-01-24',280),(852,'2018-01-25',567),(853,'2018-01-26',167),(854,'2018-01-27',597),(855,'2018-01-28',861),(856,'2018-01-29',881),(857,'2018-01-30',689),(858,'2018-01-31',80),(859,'2018-02-01',798),(860,'2018-08-29',247),(861,'2018-08-30',336),(862,'2018-08-26',757),(863,'2018-08-27',692),(864,'2018-08-28',186),(865,'2018-08-31',396);

/*Table structure for table `autores` */

CREATE TABLE `autores` (
  `id` int(8) NOT NULL AUTO_INCREMENT,
  `nm_autor` varchar(80) NOT NULL,
  `tx_descricao` text,
  PRIMARY KEY (`id`),
  UNIQUE KEY `autores_un` (`nm_autor`)
) ENGINE=InnoDB AUTO_INCREMENT=62 DEFAULT CHARSET=latin1;

/*Data for the table `autores` */

insert  into `autores`(`id`,`nm_autor`,`tx_descricao`) values (44,'Paderewsky',NULL),(45,'Fernando Pessoa',''),(46,'Augusto Cury ',''),(47,'Mário Quintana',''),(48,'teste',''),(49,'asas',''),(51,'Confúcio',NULL),(55,'Bill Gates',NULL),(56,'Buda',NULL),(57,'Cícero',NULL),(58,'William Shakespeare',NULL),(59,'Pitágoras',NULL),(60,'Ayrton Senna',NULL),(61,'Voltaire',NULL);

/*Table structure for table `mensagem` */

CREATE TABLE `mensagem` (
  `id` int(8) NOT NULL AUTO_INCREMENT,
  `tx_mensagem` varchar(1000) DEFAULT NULL,
  `cd_tipo` varchar(2) DEFAULT NULL,
  `dt_inc` date DEFAULT NULL,
  `id_autor` int(8) DEFAULT NULL,
  `status` varchar(1) DEFAULT NULL COMMENT 'V: Validada, N: Não validada, R: Reprovada',
  `hash` varchar(200) DEFAULT NULL,
  PRIMARY KEY (`id`),
  UNIQUE KEY `mensagem_UN` (`hash`),
  KEY `FK_mensagem` (`id_autor`),
  CONSTRAINT `FK_mensagem` FOREIGN KEY (`id_autor`) REFERENCES `autores` (`id`)
) ENGINE=InnoDB AUTO_INCREMENT=887 DEFAULT CHARSET=latin1;

/*Data for the table `mensagem` */

insert  into `mensagem`(`id`,`tx_mensagem`,`cd_tipo`,`dt_inc`,`id_autor`,`status`,`hash`) values (1,'Você nasceu para vencer, mas para ser um vencedor você precisa planejar para vencer, se preparar para vencer, e esperar vencer.','FR','2016-07-06',NULL,'V','ccb47b16531da6dab2f486c63e07c38b'),(2,'Quem quiser vencer na vida deve fazer como os seus sábios: mesmo com a alma partida, ter um sorriso nos lábios.','FR','2016-07-06',NULL,'V','122484e5d532ada5f81868efdbf21f7e'),(3,'O importante não é vencer todos os dias, mas lutar sempre.','FR','2016-07-06',NULL,'V','d982efca66110050c2e8f7bb5ffd5add'),(4,'Nas grandes batalhas da vida, o primeiro passo para a vitória é o desejo de vencer.','FR','2016-07-06',NULL,'V','f93bffb624c741ac53715a8f2baf68ae'),(5,'Nossa maior fraqueza está em desistir. O caminho mais certo de vencer é tentar mais uma vez.','FR','2016-07-06',NULL,'V','21ccc2b2582e79dc1d43c12ad0468a4c'),(6,'O campo da derrota não está povoado de fracassos, mas de homens que tombaram antes de vencer.','FR','2016-07-06',NULL,'V','06cb1a89cb1bf9b73c8097b4c905ce41'),(7,'Eu acredito, eu luto até o fim: não há como perder, não há como não vencer.','FR','2016-07-06',NULL,'V','07e5dcf2e82d4440d0114bfd699efc6a'),(8,'Quem quer vencer um obstáculo deve armar-se da força do leão e da prudência da serpente.','FR','2016-07-06',NULL,'V','14120e6de9eb5509aab8162ffaec830e'),(9,'A única forma de vencer uma discussão é evitá-la.','FR','2016-07-06',NULL,'V','ade6289e67ca909dba93ea103bb4bf6a'),(10,'Não há dor que o sono não consiga vencer.','FR','2016-07-06',NULL,'V','505106084e6b610e39e8a8ad04f92f99'),(11,'Sofrer, é só uma vez; vencer, é para a eternidade.','FR','2016-07-06',NULL,'V','ca4cc11b25f44fbc586aee551590ef31'),(12,'Vencer a preguiça é a primeira coisa que o homem deve procurar, se quiser ser dono do seu destino.','FR','2016-07-06',NULL,'V','0d0d7b1034bd7bcdf075a48eedb06bce'),(13,'A arte de vencer se aprende nas derrotas.','FR','2016-07-06',NULL,'V','03a63513ce9f6ed0f0859e15db5319fc'),(14,'O mal não pode vencer o mal. Só o bem pode fazê-lo.','FR','2016-07-06',NULL,'V','658025b8afbc38a1bd82690cf8753705'),(15,'O atrativo do conhecimento seria pequeno se no caminho que a ele conduz não houvesse que vencer tanto pudor.','FR','2016-07-06',NULL,'V','1a282a9cf10244380e12c806617c54b1'),(16,'É mais fácil vencer um mau hábito hoje do que amanhã.','FR','2016-07-06',NULL,'V','131e1d63fdc91c804169d7b9a8c3d1f6'),(17,'Nada é mais humilhante do que ver os tolos vencer naquilo em que fracassámos.','FR','2016-07-06',NULL,'V','ddf6becd531ef00e47854291a61dfd43'),(18,'Querer vencer significa já ter percorrido metade do caminho.','FR','2016-07-06',44,'V','311649af6c2443a05a3602f63d342303'),(19,'A força não vem de vencer. Suas lutas desenvolvem suas forças. Quando você atravessa dificuldades e decide não se render, isso é força.','FR','2016-07-06',NULL,'V','878c8ab6d4d4d66aa379d099232482cf'),(20,'A vida é sobre criar impacto, não uma renda','FR','2016-07-06',NULL,'V','4570dd94b87fb5cd37fb70b0e1ca495a'),(21,'Seja o que a sua mente pode conceber e acreditar, ela pode conseguir','FR','2016-07-06',NULL,'V','0c05ffdf234d9a34d865de98842cfdcc'),(22,'Esforce-se para não ser um sucesso, mas sim para ser valioso','FR','2016-07-06',NULL,'V','cdf189e6d5a29fbbafcb7baf287f3d7a'),(23,'Duas estradas divergiam em uma bifurcação, e eu peguei a menos percorrida. E isso fez toda a diferença','FR','2016-07-06',NULL,'V','7b4c118860803c85046a43d22a5d5813'),(24,'Eu atribuo o meu sucesso a isso: eu nunca dei ou tomei qualquer desculpa','FR','2016-07-06',NULL,'V','153b4179d8037b375ee6452a6d37645c'),(25,'Eu perdi mais de 9 mil tiros livres em minha carreira. Eu perdi quase 300 jogos. Em 26 vezes e tive a bola do jogo e perdi. Eu falhei uma e outra vez em minha vida. E é por isso que eu consegui','FR','2016-07-06',NULL,'V','c02304f84fa58540085a3694625a8b2c'),(26,'A coisa mais difícil é a decisão de agir, o resto é apenas tenacidade','FR','2016-07-06',NULL,'V','9a26981fc6071d89df98d140f6a1da9c'),(27,'Todo srike me aproxima do próximo home run','FR','2016-07-06',NULL,'V','51d62c1bd4639a5904fadb4f26e2a28f'),(28,'Definir um objetivo é o ponto de partida de toda a realizaçãoo','FR','2016-07-06',NULL,'V','3c9fb03a7e1bd11ec2ea71f313c2ef8a'),(29,'A vida não é sobre ter, e sobre dar e ser','FR','2016-07-06',NULL,'V','e3ae6a04e3bbf7e14f1368d0db7beabc'),(30,'A vida é o que acontece com você enquanto você está ocupado fazendo planos','FR','2016-07-06',NULL,'V','aa062176ba6a746c7f5bf5f6f98b4e8a'),(31,'Nós nos tornamos aquilo que pensamos','FR','2016-07-06',NULL,'V','416222193e7fee32927472fea80c2cfb'),(32,'Daqui a 20 anos você estará mais decepcionado pelas coisas que você não fez, do que pelas que fez. Então, jogue fora suas amarras, navegue para longe do porto seguro, pegue os ventos em suas velas. Explore, sonha, descubra','FR','2016-07-06',NULL,'V','d536c7f8ff9be066d2238445479038b3'),(33,'A vida é 10% do que acontece comigo e 90% de como eu reajo a isso','FR','2016-07-06',NULL,'V','34ed6351e8c22826788d27c4e5a66c44'),(34,'A forma mais comum com que as pessoas exercem o seu poder é pensar que eles não têm poder','FR','2016-07-06',NULL,'V','eae2ca28ba430f39bf614e2568aef64d'),(35,'A mente é tudo. Você se torna aquilo que você pensa','FR','2016-07-06',NULL,'V','6dc047094f5d3dd2ba97f25e6f5d58a0'),(36,'A melhor época para plantar uma árvore foi há 20 anos. A segunda melhor é agora','FR','2016-07-06',NULL,'V','661a1c0d2368aab4106c660b03f6c5c2'),(37,'Uma vida não examinada, não vale a pena ser vivida','FR','2016-07-06',NULL,'V','f0438ceda01cffaf5af3f41716f8c369'),(38,'80% do sucesso aparece','FR','2016-07-06',NULL,'V','754b4acd456f92bef774055b92d5d819'),(39,'Ganhar não é tudo, mas querer ganhar é','FR','2016-07-06',NULL,'V','174ddaccdf32c013b2ac1d98be18f79a'),(40,'Eu não sou um produto de minhas circunstâncias. Eu sou um produto de minhas decisões','FR','2016-07-06',NULL,'V','696750a2f82812955a18ecc02dac2a6d'),(41,'Cada criança é um artista. O problema é permanecer um artista depois que crescemos','FR','2016-07-06',NULL,'V','6b19e4d262ff533e4aff50a6d7d9c803'),(42,'Você nunca pode atravessar o oceano até que você tenha coragem de perder de vista a costa','FR','2016-07-06',NULL,'V','2833ac82c75193fa332b0f90b1fba755'),(43,'Eu aprendi que as pessoas vão esquecer o que você disse, as pessoas vão esquecer o que você fez, mas as pessoas nunca esquecerão como você as fez sentir','FR','2016-07-06',NULL,'V','464b24f9d3ad792f062c67e63afb5988'),(44,'Ou você corre do dia, ou durante o dia você corre','FR','2016-07-06',NULL,'V','8480580b2b6b978f012d2c014ac7401c'),(45,'Se você pensa que pode, ou que não pode, você está certo','FR','2016-07-06',NULL,'V','23a0c86f9e23a665a86418e1a9a1cd33'),(46,'Os dias mais importantes na sua vida são o dia em que você nasce, e o dia em que você descobre o porquê','FR','2016-07-06',NULL,'V','30022617b9f48586e7a9022327c5f454'),(47,'Tudo que você pode fazer, ou sonha que pode, comece. Ousadia tem genialidade, poder e magia','FR','2016-07-06',NULL,'V','28a52ad783487005e9a3246b332b9e25'),(48,'A melhor vingança é o sucesso maciço','FR','2016-07-06',NULL,'V','c416d431320247724bb96c97ba744fd8'),(49,'As pessoas costumam dizer que a motivação não dura. Bem, nem o banho. É por isso que recomendamos isso diariamente','FR','2016-07-06',NULL,'V','a6f4ba79e0aec9ba3232346c14629ad7'),(50,'A vida encolhe ou expande em proporção com a sua coragem','FR','2016-07-06',NULL,'V','439ca19334bd12a29392367fc95a4a40'),(51,'Se você ouve uma voz dentro de você dizendo ‘você não pode pintar’, então pinte e essa voz será silenciada','FR','2016-07-06',NULL,'V','2b3eb84c042452a6d20486500fb2d8ec'),(52,'Há apenas uma maneira de evitar críticas: não faça nada, não diga nada, e não seja nada','FR','2016-07-06',NULL,'V','f86f43036a6cd8a260e586af2bc40625'),(53,'Peça, e lhes será dado; procure e encontrará; bata, e a porta será aberta para você','FR','2016-07-06',NULL,'V','cd05725c336616587e66e96a326705ad'),(54,'A única pessoa que você está destinado a se tornar é a pessoa que você decide ser','FR','2016-07-06',NULL,'V','7ab2b64f22ce8097c152daed3fc7e92e'),(55,'Vá na direção de seus sonhos. Viva a vida que você imaginou','FR','2016-07-06',NULL,'V','3f1f1cd03d09e9a731a509bcabf1cb5f'),(56,'Poucas coisas podem ajudar mais um indivíduo do que colocar a responsabilidade em cima dele, e deixa-lo saber que você confia nele','FR','2016-07-06',NULL,'V','6a4d4cc2790ac0d5819066e72454e627'),(57,'Determinadas coisas capturam o seu olho, mas leve a cabo apenas aquelas que capturam seu coração','FR','2016-07-06',NULL,'V','0aaefa1d9ee6d8df5bba3b6d3be441e2'),(58,'Acredite que você pode e você vai chegar lá','FR','2016-07-06',NULL,'V','7b4bcd3218547cc5aff0bdc2aff34ed2'),(59,'Tudo o que você sempre quis está do outro ado do seu medo','FR','2016-07-06',NULL,'V','42ebd9b7d6689b282690a0bc63b8b685'),(60,'Nós podemos facilmente perdoar uma criança que tem medo do escuro; a tragédia real da vida é quando os homens têm medo da luz','FR','2016-07-06',NULL,'V','4189c4f7489147f10071c9eb074f71d4'),(61,'Comece onde você está. Use o que você tem. Faça o que puder','FR','2016-07-06',NULL,'V','14805e1f534cb18fb72e2bad6cf5c16c'),(62,'Quando eu tinha 5 anos de idade, minha mãe me disse que a felicidade era a chave para a vida. Quando eu fui para a escola, eles me perguntaram o que eu queria ser quando crescesse. Eu escrevi ‘feliz’. Eles me disseram que eu não entendi a tarefa, e eu disse a eles que eles não entendiam a vida','FR','2016-07-06',NULL,'V','65bf3594629b1dbeff3d6146fcba0ac2'),(63,'Caia 7 vezes. Levante-se 8','FR','2016-07-06',NULL,'V','1eea46658b3fbce798859c57c78ea8cd'),(64,'Quando a porta da felicidade se fecha, outra se abre, mas muitas vezes olhamos tanto tempo para a porta fechada que não vemos que outra foi aberta para nós','FR','2016-07-06',NULL,'V','b91abfa0d6195d7ff9d2928a558b1e2a'),(65,'Tudo tem beleza. Mas nem todos podem ver','FR','2016-07-06',NULL,'V','1a2739b312d63477437256bfc54c3f9b'),(66,'Como é maravilhoso que ninguém precise esperar um momento antes de começar a melhorar o mundo','FR','2016-07-06',NULL,'V','42f5f4259b4c59e0ac83f80f3099457f'),(67,'Quando eu deixar de ser o que sou, eu irei me tornar o que poderia ser','FR','2016-07-06',NULL,'V','ed143b869995632b453bed58562327e7'),(68,'A vida não é medida pelo número de respirações que damos, mas pelos momentos que nos tiram a respiração','FR','2016-07-06',NULL,'V','246f0178da6eb8f05ffc8336c7cff85e'),(69,'A felicidade não é algo pronto. Ela vem de suas próprias ações','FR','2016-07-06',NULL,'V','bf10fc328f0fdfccb055fb676e4fe297'),(70,'Em primeiro lugar, tenha um ideal prático e definitivo; uma meta, um objetivo. Em segundo lugar, disponha dos meios necessários para atingir os seus fins; sabedoria, dinheiro, materiais e métodos. Em terceiro lugar, ajuste todos os seus meios para esse fim','FR','2016-07-06',NULL,'V','cb75d10adfb558867e4b6a39f27ce03b'),(71,'Se os ventos não vão servir, leve os remos','FR','2016-07-06',NULL,'V','b618708306cc4af291ffc561ccda8e80'),(72,'Você não pode cair se não subir. Mas não há nenhuma alegria em viver toda a sua vida na terra','FR','2016-07-06',NULL,'V','5ef408f50b87fa1bc4368fbd465512d0'),(73,'Devemos crer que somos dotados de alguma coisa, e que essa coisa, deve ser atingida a qualquer custo','FR','2016-07-06',NULL,'V','dd141bdc1d64ebcafe52d4d5d8dba5dd'),(74,'Os desafios são o que tornam a vida interessante e superá-los é o que dá sentido à vida','FR','2016-07-06',NULL,'V','46bf18145641e7e7b692ba26b00f3952'),(75,'Se você quiser se levantar, levante outra pessoa','FR','2016-07-06',NULL,'V','4a2e70093c950f69a80d54b0ff83eeb3'),(76,'Fiquei impressionado com a urgência de fazer. Saber não é suficiente; devemos aplicar. Estar disposto não é o suficiente; devemos fazer','FR','2016-07-06',NULL,'V','380a283237b48b64ca48e28ab6b37d86'),(77,'Limitações vivem apenas em nossas mentes. Mas se usarmos nossa imaginação, nossas possibilidades tornam-se ilimitadas','FR','2016-07-06',NULL,'V','57eda87478625717be9dc49fcc7dc7cf'),(78,'Você toma sua vida em suas próprias mãos e o que acontece? Uma coisa terrível, ninguém para colocar a culpa','FR','2016-07-06',NULL,'V','0aa24975f789a220500a8ec27cc368fe'),(79,'O que é o dinheiro? Um homem de sucesso levanta pela manhã e vai para cama à noite. E no meio, faz o que quer fazer','FR','2016-07-06',NULL,'V','6b50dbbc77f9b8787f1e5b8c758a1ace'),(80,'Eu não falhei no teste. Eu só encontrei 100 maneiras de fazer errado','FR','2016-07-06',NULL,'V','da49e4cfc10f7b3a2b8c6f16e7d00573'),(81,'Para ter sucesso, o seu desejo de sucesso deve ser maior do que o seu medo do fracasso','FR','2016-07-06',NULL,'V','be3b7015f0b370b324ad331cc42a62d5'),(82,'Uma pessoa que nunca cometeu um erro, nunca tentou nada de novo','FR','2016-07-06',NULL,'V','9959a10c29bd504c05ce418e64dc9db9'),(83,'A pessoa que diz que não pode ser feito não deve interromper a pessoa que está fazendo','FR','2016-07-06',NULL,'V','7c0a7815bedb58e45403805f454d96f7'),(84,'Nunca é tarde demais para ser o que você poderia ter sido','FR','2016-07-06',NULL,'V','36b45d7620083abc8b10bd52a6c0e3bd'),(85,'Você se torna o que você acredita','FR','2016-07-06',NULL,'V','ae3578978dd392a001da9150794c94c2'),(86,'Eu preferiria morrer de paixão do que de tédio','FR','2016-07-06',NULL,'V','ea191bd316837da008e6e58bec7ae917'),(87,'Não é o que você faz para os seus filhos, mas o que você os ensinou a fazer por si mesmos, que irá torna-los serem humanos bem sucedidos','FR','2016-07-06',NULL,'V','6f3fb842e6605fc127ac791121e07c4e'),(88,'Se você deseja que seus filhos acabem bem, gaste o dobro de tempo com eles, e metade do dinheiro','FR','2016-07-06',NULL,'V','5cdc57a9a2d77691fe8225b080567bba'),(89,'Construa seus próprios sonhos, ou alguém vai contratá-lo para construir os seus','FR','2016-07-06',NULL,'V','44d605c749854ea6d1aea6ae3fae3bae'),(90,'A educação custa dinheiro. Mas, em seguida, o mesmo acontece com a ignorância','FR','2016-07-06',NULL,'V','85530d3a694feb9fd6674249ba29fb0d'),(91,'Tenho aprendido ao longo dos anos que, quando a mente está pronta, isso diminui o medo','FR','2016-07-06',NULL,'V','b07221210abfc1288f96f1468928a09f'),(92,'Não importa se você vai devagar, tanto quanto importa o fato de você não parar','FR','2016-07-06',NULL,'V','7eec21edb36872a3c89c87b7e9fbf3b1'),(93,'Se você pode olhar para o que tem na vida, você sempre vai ter mais. Se você olhar para o que não tem, nunca terá o suficiente','FR','2016-07-06',NULL,'V','ecedda3b5326d3d08edb5eeefc6c3fe3'),(94,'Lembre-se que não conseguir o que você quer é algumas vezes um lance de sorte','FR','2016-07-06',NULL,'V','3a51c6b132850261ba9ff1bee968ea07'),(95,'Você não pode deixar de usar a criatividade. Quanto mais você usa, mais você tem','FR','2016-07-06',NULL,'V','696eb2cd4cf283ed689e1400fc4e3c62'),(96,'Sonhe grande e se atreva a falhar','FR','2016-07-06',NULL,'V','d0b1203fd3d6b76986fc0832036ac783'),(97,'Nossas vidas começam a terminar no dia em que nos calamos sobre as coisas que importam','FR','2016-07-06',NULL,'V','83e9c880c21effbfff12b5cc6d37e6b8'),(98,'Faça o que você puder, onde você estiver, com o que você tem','FR','2016-07-06',NULL,'V','f04eb39bcdc17c5bafb6129dc6b59086'),(99,'Se você faz o que sempre fez, vai ter o que sempre teve','FR','2016-07-06',NULL,'V','f482dc4ba3789aa1eb231cc227b1eb32'),(100,'Sonhar, afinal, é uma forma de planejamento','FR','2016-07-06',NULL,'V','a324b9d578deb15952dc1645dfb06d1c'),(101,'É o seu lugar no mundo; é a sua vida. Vá em frente e faça tudo o que puder com ela, e torne-a a vida que você quer viver','FR','2016-07-06',NULL,'V','6a5e6beef1f245bc370b04b18161f400'),(102,'Você pode ficar desapontado se falhar, mas você está condenado se não tentar','FR','2016-07-06',NULL,'V','f42fbe34be9965d43eca92f51a66f361'),(103,'Lembre-se que ninguém pode fazer você se sentir inferior sem o seu consentimento','FR','2016-07-06',NULL,'V','e9fc4fb869895d83649abd571b8e06c6'),(104,'A vida é o que fazemos dela, sempre foi, e sempre será','FR','2016-07-06',NULL,'V','046ed9dfeed40717b9753b3bd7339e00'),(105,'A questão não é quem vai me deixar; mas sim, quem vai me impedir','FR','2016-07-06',NULL,'V','4263221e984b6de71bc4981bcb555d9e'),(106,'Quando tudo parece estar indo contra você, lembre-se que o avião decola contra o vento, não a favor dele','FR','2016-07-06',NULL,'V','2e788fac16cec5969412ba9cc4f82401'),(107,'Não são os anos de sua vida que contam. É a vida em seus anos','FR','2016-07-06',NULL,'V','7c07afd47e454a4ca0146bcf36d67313'),(108,'Mude seus pensamentos e você muda seu mundo','FR','2016-07-06',NULL,'V','329514431955ecbf5583e15e7dda177a'),(109,'Escreva algo que valha a pena ler, ou faça alguma coisa que valha a pena escrever','FR','2016-07-06',NULL,'V','add5f321322facba9c6c760c6ee09a10'),(110,'A única maneira de fazer um excelente trabalho é amar o que você faz','FR','2016-07-06',NULL,'V','32b2adeea6a2c49052656b43e5dc80c5'),(111,'Se você pode sonhar, você pode conseguir','FR','2016-07-06',NULL,'V','496f788db64c02d5ec07dab0736027a7'),(123,'Se você traçar metas absurdamente altas e falhar, seu fracasso será muito melhor que o sucesso de todos','FR','2016-10-16',NULL,NULL,'8f7b26a7f7b7d19bc56e6612493919c8'),(129,'Às vezes ouço passar o vento; e só de ouvir o vento passar, vale a pena ter nascido.','FR','2016-12-30',45,NULL,'5f3181fd864e645f8ef03059b5c55044'),(130,'Quero para mim o espírito desta frase, transformada a forma para a casar com o que eu sou: Viver não é necessário; o que é necessário é criar.','FR','2016-12-30',45,NULL,'8ceb988045ce68bfe4ca85a3e094d122'),(131,'As grandes idéias surgem da observação dos pequenos detalhes.','FR','2016-12-30',46,NULL,'72c004ff6dffa8f2829a861690546ee2'),(132,'Esses que puxam conversa sobre se chove ou não chove - não poderão ir para o Céu! Lá faz sempre bom tempo...','FR','2016-12-30',47,NULL,'7075ec9b95efe2e8c1dcf0be87f8c8e0'),(133,'teste','FR','2017-03-12',48,NULL,'698dc19d489c4e4db73e28a713eab07b'),(136,'Você é definitivamente a melhor coisa que já me aconteceu!','FR','2017-03-13',NULL,'V','33b979b5c43cbb2572d26bba4d04dfca'),(137,'Primeiro eles te ignoram, depois riem de você, depois brigam, e então você vence.','FR','2017-03-13',NULL,'V','4099378a19052280fc862f3b00d1a938'),(138,'Se eu tivesse que escolher entre te amar ou respirar, eu usaria meu último suspiro pra dizer: eu te amo!','FR','2017-03-13',NULL,'V','1003730c5de54f16a4819251c5c7c69f'),(139,'Se alguém jogar pedra no seu caminho, junte-as, forme degraus e suba rumo à vitória.','FR','2017-03-13',NULL,'V','a4ea5470ba38ed3b6f3abe12e8f0b17a'),(140,'Se a sua vida depender do meu amor, você viverá além da vida, pois te amo além do amor!','FR','2017-03-13',NULL,'V','d2ac9a423d89993377c760518a71b4e2'),(141,'Especiais são as pessoas que te fazem sorrir nos piores momentos.','FR','2017-03-13',NULL,'V','85cdec3f150af8a24e2c06c6998c6ebe'),(142,'Viver é a coisa mais rara do mundo. A maioria das pessoas apenas existe.','FR','2017-03-13',NULL,'V','b24ae6439415fb7976ee1755f6666dbd'),(143,'Se podemos sonhar, também podemos tornar nossos sonhos realidade.','FR','2017-03-13',NULL,'V','bc6f30250400bc28cd9ae747c52641d2'),(144,'O sorriso é a beleza interior abrindo a janela para refrescar a alma.','FR','2017-03-13',NULL,'V','07b40dfc1a37ba2deda1c2b7164af88b'),(145,'A amizade é um amor que nunca morre.','FR','2017-03-13',NULL,'V','66dc455a02d6010809b3ffec5bcb0f8c'),(146,'Qualquer obstáculo, com Deus, torna-se um grão de areia.','FR','2017-03-13',NULL,'V','441f70a0b3f571d0ceb1d2fe52790542'),(147,'A cor que mais combina comigo é a cor dos seus olhos.','FR','2017-03-13',NULL,'V','18f210d4ea965ccaa6dcda6410799706'),(148,'Toda prece floresce!','FR','2017-03-13',NULL,'V','08e9982ee6b03d66ddecfdc9e3abe1ca'),(149,'Respeitar os animais é um dever de todos. Amá-los é um privilégio para poucos.','FR','2017-03-13',NULL,'V','0fb6595c2fadd6083499b8f2931122a2'),(150,'Não tenho tempo pra mais nada, ser feliz me consome muito.','FR','2017-03-13',NULL,'V','1dba556bb99937b0dba8723f4a38fd38'),(151,'Quando nada tiver graça, sorria que passa.','FR','2017-03-13',NULL,'V','ad03f0e5a5825b6a351090494a2211f7'),(152,'Não se entristeça quando as coisas não estiverem do jeito que você gostaria de vê-las. É onde não há luz que se vê melhor as estrelas.','FR','2017-03-13',NULL,'V','e90027626f1048b2fc8ef655643f7044'),(153,'Descubra o verdadeiro sentido das coisas!','FR','2017-03-13',NULL,'V','a0b8aca86b3fcf60cd915498987b6b3a'),(154,'Faça menos, mas faça com foco.','FR','2017-03-13',NULL,'V','deb3a16eb9e792a4480f11629ea51525'),(155,'Existe um mundo mágico fora da sua zona de conforto.','FR','2017-03-13',NULL,'V','b563295737c223437ec832f32704d6c9'),(156,'Seguir em frente, sempre!','FR','2017-03-13',NULL,'V','0de645942bf4b5f1e48c703d21a612b5'),(157,'Bem me quero, bem me faço. Bem te quero, paz te trago.','FR','2017-03-13',NULL,'V','4b04ea4b4c3354d1c645d74c6ca205d5'),(158,'Hoje eu vou comer bolo. Com certeza tem muita gente de aniversário pelo mundo e eu preciso comemorar.','FR','2017-03-13',NULL,'V','cff4e0663f8db57436d9cf3d990177bd'),(159,'Tudo o que você pode imaginar é real.','FR','2017-03-13',NULL,'V','6e5b65675edb3c95d2a6a0bb9e09ec59'),(160,'A gente precisa sonhar pra vida florescer.','FR','2017-03-13',NULL,'V','db4322fdf062d2b5a044f30011be8639'),(161,'Abrace muito, ria até perder o fôlego e ame sem limites!','FR','2017-03-13',NULL,'V','9153607ad7f4008ce0ede42033fbf62a'),(162,'Seja o amor da sua vida.','FR','2017-03-13',NULL,'V','348dfc8483b5c81d67955d0c6c587e9a'),(163,'Não perca tempo se importando com a vida alheia. Gaste o seu tempo sendo feliz.','FR','2017-03-13',NULL,'V','54778b0c8b23f42eeeea330a9ff777a0'),(164,'A previsão indica que você terá uma chuva de boas notícias essa semana!','FR','2017-03-13',NULL,'V','6ca157d4a40b1599ec7dc42f9e359221'),(165,'Deus tem um propósito até nos dias mais difíceis.','FR','2017-03-13',NULL,'V','a089c1bb87d78c8999d27dc3680aa48b'),(166,'Você pode passar dias sem pensar em Deus, porém ele não passa um só momento sem pensar em você.','FR','2017-03-13',NULL,'V','604f2bf90c8252eee2cc5c0fb83a6478'),(167,'Posso passar muitos dias sem te ver, muitos dias sem te abraçar, mas isso nunca me fará parar de te amar.','FR','2017-03-13',NULL,'V','094f734dfa7a37a52104cc3bcd9f31fe'),(168,'Já tive medo, hoje tenho história.','FR','2017-03-13',NULL,'V','dceb3baee7c3dec43b9322f094a53f50'),(169,'Amigo de verdade é Deus.','FR','2017-03-13',NULL,'V','4bdd3de8ae01030d3fa66e22c45875aa'),(170,'Aqui a felicidade tem prioridade!','FR','2017-03-13',NULL,'V','ba0165505fb5174e6913f5a3e0151efe'),(171,'Começar a semana com um feriado é como começar um jantar com pudim.','FR','2017-03-13',NULL,'V','a6de98461cdd4eb3bdda2016fd2875f5'),(172,'Sonhar alto encolhe os medos.','FR','2017-03-13',NULL,'V','ede87df057ab69461b76fa236cd608f4'),(173,'Ame muito porque a vida voa.','FR','2017-03-13',NULL,'V','903d266207529e9e50d4f060a27c055e'),(174,'Em meio a tempestades, confie em Deus.','FR','2017-03-13',NULL,'V','65b73c5469d64803cfeacf8cac7bae59'),(175,'Comece o dia com um sorriso e termine com um champagne.','FR','2017-03-13',NULL,'V','16f5612836f9ae2ea14191c9302978c1'),(176,'O amor é uma pena que deve ser cumprida em regime de felicidade plena.','FR','2017-03-13',NULL,'V','791c602f1aa0f40cc4d14751d1d108c3'),(177,'Você foi a melhor coisa que me aconteceu. Te amo!','FR','2017-03-13',NULL,'V','11204e3cfe9f147c4abb7dc2576f96bf'),(178,'É com os tropeços que aprendemos a sair do chão.','FR','2017-03-13',NULL,'V','3a7cda5fd296a109ea8c2effa5786117'),(179,'Não adianta usar força bruta para tudo. São os simples gestos que param o mundo.','FR','2017-03-13',NULL,'V','2c70876034293fd963a3d450d0b4d6b8'),(180,'Todos nós somos feitos de estrelas. Brilhe!','FR','2017-03-13',NULL,'V','c41d1c7e390ab901e0d07afd28769634'),(181,'Pessoas incríveis fazem lugares comuns se tornarem extraordinários.','FR','2017-03-13',NULL,'V','f640cd068e5a90413d7b6071f6234c60'),(182,'Invista mais tempo no amor. Pessoas que amam duram mais.  ','FR','2017-03-13',NULL,'V','9b0d83a4b4cdb630cfd2395825495472'),(183,'Que as coisas boas se multipliquem!','FR','2017-03-13',NULL,'V','364e3e44d638bf7143eead2beda451bf'),(184,'A vida é como um sorvete, aproveite antes que derreta.','FR','2017-03-13',NULL,'V','8132d11d5d8ceac075eec95e432812a1'),(185,'Comece com um sim!','FR','2017-03-13',NULL,'V','74b2abdc8cedb144c71770cf17ed73ef'),(186,'O sacrifício é o intervalo entre o seu objetivo e a sua glória.','FR','2017-03-13',NULL,'V','103a3447bc205b5b44e22d7ac2046be5'),(187,'Aqui até a tristeza pula de alegria.','FR','2017-03-13',NULL,'V','b7d245bda66d8b864ed9704602734aa7'),(188,'Bom humor nunca sai de moda.','FR','2017-03-13',NULL,'V','c83a83abc5c8dc654bcc5069c180da40'),(189,'Doe amor e o universo te devolverá gratidão.','FR','2017-03-13',NULL,'V','39036b503cb50a29128b3d32aa9a4831'),(190,'Aprenda coisas novas! Nem o seu celular vive sem se atualizar.','FR','2017-03-13',NULL,'V','5a583b364ddb078c2b2fe04e164c68e9'),(191,'Vá do jeito que puder, mas não deixe de ir!','FR','2017-03-13',NULL,'V','51632f01e78f5cab2db139d68af72326'),(192,'A alma não tem cor!','FR','2017-03-13',NULL,'V','028167dba102f35bb064b19c3996851b'),(193,'Em vez de se preocupar com o que os outros pensam de você, fique perto de quem te faz feliz.','FR','2017-03-13',NULL,'V','656557285ab22ce9b5df2bba2e32070f'),(194,'Não abra mão do que você acredita só porque alguém acha que não vale a pena.','FR','2017-03-13',NULL,'V','c07b4ccb8bd2738c71c8bd3ac5c048d9'),(195,'Em cada passo que eu der, cada estrada que eu trilhar, todo caminho que eu escolher, a tua mão me guiará!','FR','2017-03-13',NULL,'V','55218a11bd8dfd41ad0018b989b7e205'),(196,'Não há razão para você não seguir o seu coração.','FR','2017-03-13',NULL,'V','ead86d2940d822e001e81fc08d43f8a5'),(197,'Nada supera o amor de Deus.','FR','2017-03-13',NULL,'V','cf8d35687be0b991b6b81c11178a4d1a'),(198,'Enfrente que se vai em frente!','FR','2017-03-13',NULL,'V','bc1939a02a60a4fec108524acc9ec66a'),(199,'Eu sinto que é você todas as vezes em que te olho, todas as vezes em que fica do meu lado e segura na minha mão. Eu sinto que é você quem eu quero ao meu lado pro resto da vida.','FR','2017-03-13',NULL,'V','9163d088b1ce8f6c2e4ed704a72311b3'),(200,'O essencial é invisível aos olhos. ','FR','2017-03-13',NULL,'V','3b290f489db1fd346d39994f1af34a1a'),(201,'Meu lugar favorito é dentro do seu abraço.','FR','2017-03-13',NULL,'V','53187715c0300f64e45853834f8c3d5d'),(202,'Ontem me guiou, hoje me guardou. Amanhã, o meu Deus já preparou.','FR','2017-03-13',NULL,'V','2d0a1f47c293df259f1bc8246ef262e7'),(203,'Não se envergonhe de seus fracassos. Aprenda com eles e comece de novo.','FR','2017-03-13',NULL,'V','11b5c082e94005a7085c4dfd00621159'),(204,'Hoje você tem duas opções: ser feliz ou ser mais feliz ainda. Bom dia!','FR','2017-03-13',NULL,'V','998782d6003478131b51cc70b336aca9'),(205,'Caiu? Levanta. Terminou? Recomeça. E para todas as outras coisas... sorria.','FR','2017-03-13',NULL,'V','9f7cf9c625657ae6cd6cf0d725791a68'),(206,'Bonito é ser o que você é!','FR','2017-03-13',NULL,'V','1dd40783a4c2d77012486b5dea957542'),(207,'Irradie vibrações positivas.','FR','2017-03-13',NULL,'V','f7002c20485ee9302cc163152b7e9310'),(208,'A esperança é a única coisa mais forte que o medo.','FR','2017-03-13',NULL,'V','30cf104b687457679d4edcb30206f0ec'),(209,'Persista! Se tudo fosse fácil, qualquer um conseguiria.','FR','2017-03-13',NULL,'V','58a5cb58124784beb2b7f14cf9fbc733'),(210,'Se o plano A não funcionar, lembre-se que o alfabeto tem diversas outras letras.','FR','2017-03-13',NULL,'V','145cc0d1561c752615d407423e62fc31'),(211,'Pegue a estrada da felicidade e siga toda vida!','FR','2017-03-13',NULL,'V','e3c47ff343da6e5c51dda9f7e0aaf4f3'),(212,'A vida é um quebra-cabeça de peças aleatórias, mas com um encaixe perfeito.','FR','2017-03-13',NULL,'V','d34615ece794f457fd49a3a668a37145'),(213,'Sonho é tudo que a gente tenta pegar com as mãos mas só consegue alcançar com as asas.','FR','2017-03-13',NULL,'V','a0c5aa59d4e95ed7302c6852ac1f04d8'),(214,'Ser especial não é chegar e arrasar, mas sim sair e deixar saudades.','FR','2017-03-13',NULL,'V','c63dc648b43c706e3b3523767031ddd2'),(215,'Tudo passa, você fica.','FR','2017-03-13',NULL,'V','17429b437ab831d2568cd333d3f4ce5f'),(216,'Ponha Deus no início e Ele cuidará do fim.','FR','2017-03-13',NULL,'V','0a420b0592e3f8fffbbf1fc083029d38'),(217,'Amar é a arte de reduzir distâncias.','FR','2017-03-13',NULL,'V','14a0d138fc6c5b31a494b301e11fccb4'),(218,'Pessoas deveriam ter coragem de assumir seus próprios erros assim como têm orgulho de exibir suas qualidades.','FR','2017-03-13',NULL,'V','df1a65c6bd227cf110dfb8d51cd4583f'),(219,'Que Deus abençoe a sua semana!','FR','2017-03-13',NULL,'V','c2c8940fc6e6aaa49abdce720e3d9f5b'),(220,'A bondade é o único investimento que nunca vai à falência.','FR','2017-03-13',NULL,'V','003f880c9f13e93473470a5497c7799c'),(221,'Felicidade não é ausência de conflito, mas habilidade em lidar com ele. Alguém feliz não tem o melhor de tudo, mas torna tudo melhor.','FR','2017-03-13',NULL,'V','19041de196c851b3a5d94b63a709f650'),(222,'Apesar de você estar longe dos meus olhos, você nunca está longe dos meus pensamentos.','FR','2017-03-13',NULL,'V','89bf2241c517ad5356a0ffa88a74ade8'),(223,'Olhe para dentro de você e descubra sua força interior, pois é dela que virá a solução para superar os seus medos.','FR','2017-03-13',NULL,'V','0282da8f8e36109638c9d5b3f22d88d8'),(224,'A vida é muito curta pra gente não dizer o que sente de verdade.','FR','2017-03-13',NULL,'V','3f8c6e771c465d3cdf3ac7172c8df563'),(225,'Seja quem você quer ter por perto.','FR','2017-03-13',NULL,'V','fa2783faab3de7a44b6bc2b4c05f2566'),(226,'Não consigo alterar a direção do vento, mas posso ajustar as minhas velas para sempre alcançar o meu destino.','FR','2017-03-13',NULL,'V','ef15db0d16dd6aa694aff35e1ee4a01d'),(227,'Cumplicidade é saber que se tem alguém para dividir o que não podemos carregar sozinhos.','FR','2017-03-13',NULL,'V','a06eb6686aeec990ae9eb4ce06a51b9f'),(228,'Desafie-se um pouco todos os dias.','FR','2017-03-13',NULL,'V','16df803a84a89c4e28f642d62f88c5e0'),(229,'Que nem mesmo a busca pela realização do seu maior sonho seja capaz de te desviar de quem você realmente é.','FR','2017-03-13',NULL,'V','de968874570fe095d667cd3de805d577'),(230,'Ter fé não é achar que Deus fará o que eu quero, mas ter a certeza de que Deus fará por mim tudo o que preciso.','FR','2017-03-13',NULL,'V','f90754c4e42554739736f3343e07178d'),(231,'Nunca deixe que alguém te diga que não pode fazer algo. Se você tem um sonho, tem que protegê-lo. As pessoas que não podem fazer por si mesmas, dirão que você não consegue. Se quer alguma coisa, vá e lute por ela. Ponto final.','FR','2017-03-13',NULL,'V','a524cb3c0ce87c9bfa7198cc91c83206'),(232,'A vida só pode ser compreendida olhando para trás, mas só pode ser vivida olhando para frente.','FR','2017-03-13',NULL,'V','7f098b4bf21cf6e8b2bc359d8e026989'),(233,'Não existem pessoas certas e erradas. A que for errada pra você, com certeza, será a certa de um outro alguém. ','FR','2017-03-13',NULL,'V','a8825260fb5479d7fba4c678f91f21f3'),(234,'Viver é sempre dizer aos outros o quanto eles são importantes. Por que um dia eles se vão e ficamos com a nítida impressão que não amamos o suficiente.','FR','2017-03-13',NULL,'V','39c382c3c6b361d5c9052f2f0a190148'),(235,'Felicidade é quando a boca é pequena demais para o sorriso que a alma quer dar.','FR','2017-03-13',NULL,'V','2717cbd374379f4495d8168f46352172'),(236,'Nunca desista, coisas boas levam tempo.','FR','2017-03-13',NULL,'V','516f4f7b87788c23f821ec217299f095'),(237,'Quando desistir for mais fácil, continue insistindo. O difícil costuma valer muito mais a pena!','FR','2017-03-13',NULL,'V','f83c34ab64a85a242acd5af794741338'),(238,'A fé torna as coisas possíveis, não fáceis.','FR','2017-03-13',NULL,'V','2130f43e2fd8a9550b95339f0bc188f4'),(239,'Vai me ver com outros olhos ou com os olhos dos outros? ','FR','2017-03-13',NULL,'V','ba0cc471dbfd2d09bcfd1384ea09cc73'),(240,'Que o vento leve, que a chuva lave, que a alma brilhe, que o coração acalme, que a harmonia se instale e a felicidade permaneça.','FR','2017-03-13',NULL,'V','099e1d180c88811dc7b91d51c743357b'),(241,'Sorria! Deus te ama.','FR','2017-03-13',NULL,'V','9a5a0a5d20c7288d529c7e9087d0950b'),(242,'Aceite o que não pode mudar. Mude o que não pode aceitar.','FR','2017-03-13',NULL,'V','4046cda0dd5cf1f8ff33bb0c301b52df'),(243,'Ninguém perde por ser do bem, por espalhar amor, por ser paz na vida de alguém. ','FR','2017-03-13',NULL,'V','3424397de55a6e3d172c8b5128bb5004'),(244,'Sorte do meu sorriso ter você como motivo.','FR','2017-03-13',NULL,'V','2bc4580f11563e9f83e34f324c215dd9'),(245,'Bom mesmo é distribuir as cores que a vida nos dá.','FR','2017-03-13',NULL,'V','8c3235fd5e68b69244d57f81e94dc63a'),(246,'Quando a tristeza bater na sua porta, abra um belo sorriso e diga: desculpa, mas hoje a felicidade chegou primeiro!','FR','2017-03-13',NULL,'V','2325392b0d8168f1af8070b6862cf124'),(247,'Que seja eterno como todo grande amor devia ser. E se não for, que seja ao menos terno. E se não for, que seja ao menos amor. ','FR','2017-03-13',NULL,'V','641070aa8d9e9ddc0c20eed6b010c4f4'),(248,'A solução não cai do céu, mas minha força vem de lá.','FR','2017-03-13',NULL,'V','e1c1c2e9559cd1d728bdd3e83b46ce04'),(249,'Não existe felicidade onde não há perdão.','FR','2017-03-13',NULL,'V','5921c52abe5b3981765e9de1c49b89cb'),(250,'O meu amado é meu, e eu sou dele! (Cânticos 2:16)','FR','2017-03-13',NULL,'V','6b70d3fcec9508742541eb86dc945a4f'),(251,'A honestidade é a senha para uma amizade duradoura.','FR','2017-03-13',NULL,'V','773826104419712bd417b873fd59dd12'),(252,'Das coisas que eu nunca tive, você foi a melhor delas.','FR','2017-03-13',NULL,'V','ffb83a6bcb033d3d923da40b86d76f40'),(253,'Invista em você e ame-se. A gente só pode cobrar dos outros aquilo que a gente já tem.','FR','2017-03-13',NULL,'V','fb16da0dec09b965f650b0db432f54c0'),(254,'Tempestades não duram para sempre.','FR','2017-03-13',NULL,'V','499da5b9c5048c97c917c5f6b75727a3'),(255,'Felicidade é ficar juntinho de pernas pro ar.','FR','2017-03-13',NULL,'V','1e985485ad77d9adc65921a2d3f04ae1'),(256,'Quando você se afasta do que te faz mal, você fica de bem com a vida.','FR','2017-03-13',NULL,'V','6292c07dc588452254e340ebaebaf0ce'),(257,'Em todo tempo ama o amigo e para a hora da angústia nasce o irmão. (Provérbios 17:17)','FR','2017-03-13',NULL,'V','9b7d8b8637877e6216a4e2ad73b1bb71'),(258,'A amizade duplica as alegrias e divide as tristezas.','FR','2017-03-13',NULL,'V','566bf878a8b72e25bd3e3d425a1494de'),(259,'Feliz Dia do Amigo pra quem tem um amigo verdadeiro!','FR','2017-03-13',NULL,'V','0dad89d4bddd75ce4b9e866a535d7385'),(260,'Cada novo amigo que ganhamos no decorrer da vida aperfeiçoa-nos e enriquece-nos, não tanto pelo que nos dá, mas pelo que nos revela de nós mesmos. E sua amizade tem sido muito importante pra mim. Feliz dia, meu amigo!','FR','2017-03-13',NULL,'V','f3783d7ebf6ca8e4562fdcf7aca9d22c'),(261,'Amigos são fundamentais. 20 de julho, Dia do Amigo.','FR','2017-03-13',NULL,'V','f9ad645fe1e9d7243a51e32771e7c4e3'),(262,'Três palavras difíceis de dizer: inconstitucionalissimamente, paralelepípedo e desculpa.','FR','2017-03-13',NULL,'V','f10da5e2fcf92c61d01e4f4c6611bc04'),(263,'20 de julho, dia de abraçar aqueles que, até mesmo em pensamento, estão sempre de mãos dadas com os nossos sentimentos. Feliz Dia do Amigo!','FR','2017-03-13',NULL,'V','7503b722a21339da1bb1b9c5e06eb2e3'),(264,'Mesmo que a distância nos separe por um tempo, a força da nossa amizade vai manter você perto do meu coração. Obrigado pela sua amizade!','FR','2017-03-13',NULL,'V','f225774a372479b4f2429a6dcd18ae70'),(265,'Algumas amizades parecem destinadas a permanecerem em nossas vidas para sempre, pois são elas a verdadeira razão da felicidade que sentimos. E a sua amizade me faz muito feliz.','FR','2017-03-13',NULL,'V','ace2c7936728203e61ef78999a1b226b'),(266,'Por mais riqueza que haja no mundo, quem tem um amigo, tem tudo. E serei eternamente grato por sua amizade.','FR','2017-03-13',NULL,'V','667f06c6e517ea36757ce21e69981f56'),(267,'Amigo de papel rasga. Amigo de vidro quebra. Amigo de ferro enferruja. Amigo falso desiste. E amigo igual a você, não existe! Obrigado(a) por sua amizade!','FR','2017-03-13',NULL,'V','51394f2350c9e014cf42cc2f41e1e4c7'),(268,'Mesmo distante, ainda sinto sua amizade bem perto de mim. Feliz Dia do Amigo!','FR','2017-03-13',NULL,'V','d5559cfa504666c69f389c1670b475ac'),(269,'Feliz dia do \"me manda o print da conversa\"!','FR','2017-03-13',NULL,'V','1da027e988384495900527e95634fbcf'),(270,'Certas amizades valem a pena, mas a nossa vale uma galinha inteira! Feliz Dia do Amigo!','FR','2017-03-13',NULL,'V','dd738d3f0af8782cd848f2f80cb5bc9f'),(271,'Um dos maiores privilégios que tenho na vida, é ter a amizade de uma pessoa tão iluminada como você!  ','FR','2017-03-13',NULL,'V','7bde996c12d4e54c31b0a51b452660f2'),(272,'Sem a sua amizade e sem meu café, não sou nada! Feliz Dia do Amigo!','FR','2017-03-13',NULL,'V','a21573ceae0af4c102ed68fada355d76'),(273,'Diante das dificuldades, foi você quem não me deixou cair. Diante das alegrias, era você quem estava ao meu lado para comemorar comigo. Por toda essa amizade, eu te agradeço muito, do fundo do coração. Te amo!','FR','2017-03-13',NULL,'V','e5da31d9e78f60f660369d2f62267c58'),(274,'Amigo a gente não procura, o coração é quem encontra. E sorte a minha ter encontrado você. Feliz Dia do Amigo!','FR','2017-03-13',NULL,'V','fc36fe87a4e50361e9f22d16ba1953c6'),(275,'Quem tem amigos, é feliz todos os dias. Valorize os seus!','FR','2017-03-13',NULL,'V','d4009beb017b74a126f2a6180d954a6c'),(276,'Para \"amigo\" não busco mais nenhuma definição, porque carrego a sua amizade bem guardada no coração. Feliz Dia do Amigo!','FR','2017-03-13',NULL,'V','8af9e369bda19fffae823f72308dc8ce'),(277,'É se dar sem esperar nada em troca dessa união. É ter alguém pra contar na indecisão. Nunca se desesperar, sempre ali pra estender a mão, e maior valor não há, é feito irmão!  ','FR','2017-03-13',NULL,'V','3a6d2f1458f5faa09e46741cb9ff2b4a'),(278,'Chegou a hora de apagar a luz e acender as estrelas... Para dar vida aos sonhos. Boa noite!','FR','2017-03-13',NULL,'V','47c926e717bbe20d6ce3fce41ef3b8fd'),(279,'O imprevisto acontece e alguém te encontra. E te reencontra. Te reinventa. Te reencanta. Te recomeça.','FR','2017-03-13',NULL,'V','585c97c73b6578afdb5880b46abc354e'),(280,'Cultive o bem.','FR','2017-03-13',NULL,'V','b29613602a4925792f04d04565b1edb5'),(281,'A saudade é o amor querendo atenção.','FR','2017-03-13',NULL,'V','4bbe08c8ce987b7f9749967af7d7f99a'),(282,'Honestidade é fazer o certo mesmo quando ninguém está olhando.','FR','2017-03-13',NULL,'V','25de57d1db7e75cb19700988e1fb8a81'),(283,'Eu e você não rima, mas faz sentido.','FR','2017-03-13',NULL,'V','2d5de5e4c8da31ca4e4ac98701ddbfd3'),(284,'Foque nas coisas boas!','FR','2017-03-13',NULL,'V','a5874d9a06f0f065b7fbe0fdfb5bfa8c'),(285,'Todo dia é dia de doar!','FR','2017-03-13',NULL,'V','2d6f31dec7d20401dc3fbd0f32e4a1b6'),(286,'É difícil dizer adeus quando se quer ficar. É difícil sorrir quando se quer chorar. Mais difícil ainda é ter que esquecer, quando se quer amar...','FR','2017-03-13',NULL,'V','d1438d66bc8ac94811869b8756a217af'),(287,'Se a distância falasse, só ela saberia dizer o quanto dói uma saudade.','FR','2017-03-13',NULL,'V','83b8b8fc8eef8f1d911969686158e6aa'),(288,'Se for verdadeiro vai acontecer, independente de tempo e distância.','FR','2017-03-13',NULL,'V','7d17af97480415a4d62d9bf75ca2f9d6'),(289,'Quem foi que disse que pra estar junto precisa estar perto?','FR','2017-03-13',NULL,'V','8805571302e797fe3a4cb736c49324c0'),(290,'Não importa a distância que nos separa, se há um céu que nos une.','FR','2017-03-13',NULL,'V','314022925fecf9afbf5d03860ca0dab6'),(291,'A grandeza de uma pessoa não se mede pelo espaço que ela ocupa em nosso coração, mas sim pelo vazio que deixa quando está distante.','FR','2017-03-13',NULL,'V','d1511a932cae89c97987c961fa613afb'),(292,'Namorar a distância é uma das maiores provas de amor que existem.','FR','2017-03-13',NULL,'V','b2a7c4a67ddde069285b56f9fa53a4ed'),(293,'Distância não significa nada quando alguém significa tudo.','FR','2017-03-13',NULL,'V','1930bf6bdbd7cdacac58e307bfd6871c'),(294,'A distância traz saudade, mas nunca o esquecimento.','FR','2017-03-13',NULL,'V','fec30895b9c75f67b20b612fb94e732f'),(295,'Por mais que a distância possa separar dois olhares, nunca vai separar dois corações.','FR','2017-03-13',NULL,'V','1669d5c26215137b102ac19146aa8396'),(296,'A distância impede que eu te veja, mas não impede que eu te ame.','FR','2017-03-13',NULL,'V','74f50215a9b9c90b780958b3f7fce00d'),(297,'Só quem não pode abraçar quem ama, sabe o valor de um abraço.','FR','2017-03-13',NULL,'V','a9035a0ae412720d8aa81380959fbf59'),(298,'Quando é amor de verdade, a gente até faz a distância se tornar um detalhe insignificante.','FR','2017-03-13',NULL,'V','f5c66bf4a1af4e74fc9001ec669833f3'),(299,'Não importa se você está perto ou longe, o que eu sinto não vai mudar.','FR','2017-03-13',NULL,'V','3e6c26e3b985bb6a5678cfb55cfc43e7'),(300,'Quem eu amo nem sempre está junto a mim, mas está sempre no meu coração.','FR','2017-03-13',NULL,'V','29b6f3b004c7770bb20be5e690bcab45'),(301,'Espero que você sinta minha falta, tanto quanto eu sinto a sua.','FR','2017-03-13',NULL,'V','57f2858a62d104b8a86aa32d5b0fd7cd'),(302,'Se meu desejo pudesse se tornar real, você estaria aqui comigo agora.','FR','2017-03-13',NULL,'V','9f10e880c0e33dee5d0f0d07ac2deb08'),(303,'Não deixe mentes pequenas te convencerem que seus sonhos são muito grandes.','FR','2017-03-13',NULL,'V','09385083fd5e4e086fff99292085374a'),(304,'Grandes coisas geralmente tem pequenos começos!','FR','2017-03-13',NULL,'V','1dde82469a9d5f1b4f06e08ed3b28f1b'),(305,'Deus é a resposta, não importa a pergunta.','FR','2017-03-13',NULL,'V','ef1d098d3d4c960a3b5e5b550b882759'),(306,'Quem guia o meu caminho é Deus!','FR','2017-03-13',NULL,'V','49b196d5c565d510ae6567daddc907ae'),(307,'Com calma e com alma.','FR','2017-03-13',NULL,'V','dd59a1960630ab5a42aebed3c7f96fd6'),(308,'Transborde amor, quem não souber nadar, que afunde sozinho.','FR','2017-03-13',NULL,'V','38d0adc69250eb7285aa231b0def2b6c'),(309,'Porque amar é arte e nem todo mundo é artista.','FR','2017-03-13',NULL,'V','74b66b1f2a03d1d26924dcba662411e3'),(310,'Busque ser feliz, sem ocultar a felicidade de ninguém.','FR','2017-03-13',NULL,'V','2cca618f4cb4b7731ac0015d342620bb'),(311,'E se não houver amanhã? Você fez o hoje valer a pena?','FR','2017-03-13',NULL,'V','a3f569fc7f64882c3464b6790d8a2917'),(312,'Não jogue espinhos na estrada, na volta você pode estar descalço.','FR','2017-03-13',NULL,'V','dce21f0b19b109aeeb0e93cfd446e1dc'),(313,'Não sou assim amor. Foi só uma maré ruim, perdoa o drama e não desiste de mim.','FR','2017-03-13',NULL,'V','a243c455e7e6f3b91226ba9fd2cd46a2'),(314,'Se não puder retribuir, não cative.','FR','2017-03-13',NULL,'V','555803cfc25dc05206504ef322adb803'),(315,'O que é teu, chega com o tempo. E o que não é se vai com ele.','FR','2017-03-13',NULL,'V','41babe493ba147b98df32a618b470e3e'),(316,'Se não for incômodo, acomode-se em mim.','FR','2017-03-13',NULL,'V','e6cbd97b67c32fce9d356a8a757c4f2d'),(317,'Desata o nó que te prende a quem não te merece.','FR','2017-03-13',NULL,'V','952386773502e725fcbb9ac69fb55458'),(318,'Se desapegue: o passado tem motivos para não ser mais o seu presente.','FR','2017-03-13',NULL,'V','7a0c1a6a6537bc450ea92cb7858e4680'),(319,'A madrugada é a hora que a saudade mais gosta de fazer visita.','FR','2017-03-13',NULL,'V','0b259c42a309c1151c3579677a3a1a36'),(320,'Andei por aí e me vi apaixonada pelas voltas que a vida dá?','FR','2017-03-13',NULL,'V','2d6ae96efa80cc2997056892cca247c0'),(321,'Ela procurava as flores sem saber que a primavera morava dentro dela.','FR','2017-03-13',NULL,'V','ce3c6f104ac9866a33b02b6452585d5a'),(322,'O problema é que a gente pensa demais no que não deveria nem pensar.','FR','2017-03-13',NULL,'V','c320c648139ec0da28e120f658fd7902'),(323,'Esperando uma visita sua, um cafuné.','FR','2017-03-13',NULL,'V','f4e1b6f24341a989b550d3e098385308'),(324,'Enquanto a vida vai e vem, você procura achar alguém que um dia possa lhe dizer: quero ficar só com você.','FR','2017-03-13',NULL,'V','2aca7b6ee102c4fe5cdb304d02ba5314'),(325,'Meu silêncio diz tudo, ouve quem quer.','FR','2017-03-13',NULL,'V','50643e03f1cf095722396e644bc9ec03'),(326,'Vamos recomeçar a história. Troque o \"era uma vez\" pelo \"é dessa vez\".','FR','2017-03-13',NULL,'V','229dc998e4d28193b5f24a8f2fe3ef62'),(327,'Nem tudo que se vê reflete a verdade.','FR','2017-03-13',NULL,'V','5efa5a177b8f6aae15713b3c41374f7c'),(328,'O problema não é perdoar, é confiar de novo.','FR','2017-03-13',NULL,'V','ebf9ad1807886b88c7385457b344f99d'),(329,'Muita gente falando de amor e pouca gente sabendo amar.','FR','2017-03-13',NULL,'V','ab46cab06c1e86de8c9d34deb574b366'),(330,'A ordem das árvores não altera o passarinho.','FR','2017-03-13',NULL,'V','083a8efdc4eeb0a753006d6bb0448613'),(331,'De todos os loucos do mundo eu quis você porque a sua loucura parece um pouco com a minha.','FR','2017-03-13',NULL,'V','78dcc2c210cbaf1bef8629d49df152a4'),(332,'O melhor lugar do mundo é dentro de um abraço!','FR','2017-03-13',NULL,'V','75062a44f1d614c3a4cd06afebb730dc'),(333,'Problema faz depressão, o sistema faz opressão e você, faça mais do que pegadas nesse chão.','FR','2017-03-13',NULL,'V','2c43ef4eb2a5abf81b2d7687fa3af893'),(334,'Você é feliz ou apenas sorri?','FR','2017-03-13',NULL,'V','b0972eefcb5471430377ca617ef0d4dd'),(335,'Acredito que seja hora de colocar um ponto final em uma frase que acabou em vírgula.','FR','2017-03-13',NULL,'V','ec701fa0552011623e72fecb4819508c'),(336,'Uma atitude pode mudar uma história.','FR','2017-03-13',NULL,'V','57a9bf1a2bb920bdfad5a70dcfbee531'),(337,'Me encanta tudo aquilo que me tira da realidade.','FR','2017-03-13',NULL,'V','b0d7965404a72d1d7c2d62a37f800313'),(338,'Antes de falar qualquer coisa, se coloque no lugar da pessoa que vai ouvir.','FR','2017-03-13',NULL,'V','8b79ef225c17549c832872fe2a6c2dac'),(339,'Apesar de tudo, continue sorrindo...','FR','2017-03-13',NULL,'V','6464c5d53acba06dd54ba7056a3aebb3'),(340,'Não deixe o orgulho falar mais alto que o coração.','FR','2017-03-13',NULL,'V','e443abcfd52f587b6bc93cfe4a9258a4'),(341,'Daqui pra frente, tudo vai ser diferente.','FR','2017-03-13',NULL,'V','2cf6f541cc9bccfe70a0e0bcd7476da3'),(342,'Nunca deixe que lhe digam que não vale a pena acreditar no sonho que se tem.','FR','2017-03-13',NULL,'V','2bdce764c1e1e2f4a6845e7f445de660'),(343,'Liberdade é pouco. O que eu desejo ainda não tem nome.','FR','2017-03-13',NULL,'V','b9a71c51d5292abcfecc073a7a00597d'),(344,'Tudo que é seu, encontrará uma maneira de chegar até você.','FR','2017-03-13',NULL,'V','d5285fa16013b57bae59b7ae5b040978'),(345,'Deus, eu sei que Tu tens planos para a minha vida, não permita que eu me desvie deles.','FR','2017-03-13',NULL,'V','acc61d25a6e706318f4e2f42ffce831e'),(346,'Seja positivo. A vida retribui!','FR','2017-03-13',NULL,'V','153850cad7ef268f1751c1a39e01e2f5'),(347,'Deus tem um propósito para sua dor, uma razão para sua luta e uma recompensa por sua fidelidade. Não desista!','FR','2017-03-13',NULL,'V','bd5af3d2acb3f76902cedf84b7474182'),(348,'Que o nosso bem faça bem ao outro também!','FR','2017-03-13',NULL,'V','9220200590c35b1f64c949b7cb33a967'),(349,'Dançar é como sonhar com os pés.','FR','2017-03-13',NULL,'V','88a76d4ce081c0583cba9372d69fe07e'),(350,'Tem muito de você em cada pouco de mim!','FR','2017-03-13',NULL,'V','0de304e367bb36ec2d38d0bec0b33fbf'),(351,'Encontre um lugar lindo para se perder.','FR','2017-03-13',NULL,'V','675d8f6c1c15d1608b6857aebc662409'),(352,'Sorrir não gasta eletricidade e gera muito mais luz!','FR','2017-03-13',NULL,'V','4666703e86851d9b8c290c468d5fa19a'),(353,'A vontade de Deus nunca vai te fazer mal algum.','FR','2017-03-13',NULL,'V','8b0488a61ea80078d7c0603a867d85d1'),(354,'Hoje é um bom dia para sorrir!','FR','2017-03-13',NULL,'V','cd12358dbcb18c52e8bd8cedcf3070e0'),(355,'Deixe o amor chover na sua aorta.','FR','2017-03-13',NULL,'V','80319d287d034b3a5c95f26d51c21f78'),(356,'Deus te abençoe!','FR','2017-03-13',NULL,'V','cca89d7c29a061b145833cad2d8bc48c'),(357,'De tanto te procurar, resolvi me encontrar.','FR','2017-03-13',NULL,'V','930d64955bf4ba55eb9515cb1fe9fba6'),(358,'As pessoas mais felizes não tem o melhor de tudo, elas apenas fazem o melhor com tudo o que têm.','FR','2017-03-13',NULL,'V','38608dbcfc774bb87e924d6c5695766d'),(359,'A vida é 10% do que acontece com você e 90% de como você reage.','FR','2017-03-13',NULL,'V','c9c90fa62263a82572b593f1a52d70fe'),(360,'Não faça nada que não te deixe em paz consigo mesmo.','FR','2017-03-13',NULL,'V','73e4440a9d920d4c5e80c27d47a85524'),(361,'Que suas vontades, sonhos e pensamentos não deixem de brilhar por nada e nem por ninguém.','FR','2017-03-13',NULL,'V','7a8baa5f322add0a20a0439a7b81d33a'),(362,'O para sempre é composto de agoras.','FR','2017-03-13',NULL,'V','2eb3814a8f0300aaf0f0ba11cfe453c0'),(363,'Desencana. Sempre vai ter alguém pra te dizer se o que você fez foi certo ou foi errado. Pouco importa. Dificilmente vão querer saber se era tudo o que você podia fazer.','FR','2017-03-13',NULL,'V','f21385bff19fa82032049c656208a829'),(364,'A aparência não define quem somos e muito menos o que somos capazes de fazer.','FR','2017-03-13',NULL,'V','069143f4161a9943abed9b092efca358'),(365,'Contagie-se com os sorrisos ao seu redor.','FR','2017-03-13',NULL,'V','e7b7bd533c35522892cf0d19878b7fd2'),(366,'Ser sincero com o seu coração é a melhor forma de ser feliz.','FR','2017-03-13',NULL,'V','6648397fac4ecfd086ffb3e2a3a07db9'),(367,'A vida fica muito mais fácil se a gente sabe onde estão os beijos que precisamos.','FR','2017-03-13',NULL,'V','263aa843c687cdb010e2fb7c16336b12'),(368,'Ao escrever a história da sua vida, não deixe ninguém segurar a caneta.','FR','2017-03-13',NULL,'V','17177c76b0b8bf22a25f048212f7460d'),(369,'Mais esperança nos meus passos do que tristeza nos meus ombros.','FR','2017-03-13',NULL,'V','e3450c39da573330052199644aa096c0'),(370,'Faça com boa vontade!','FR','2017-03-13',NULL,'V','018483c32a2f895a88afde02bf5b06cf'),(371,'Você me deixa nas nuvens!','FR','2017-03-13',NULL,'V','24877d915a3e48e5fec5113081795503'),(372,'Seja o bom dia que você deseja!','FR','2017-03-13',NULL,'V','fb0f95592ec2f1f4afb19c39424902d0'),(373,'Uma vida curta, um mundo grande e a gente nesse cotidiano de ir e voltar sempre pro mesmo lugar.','FR','2017-03-13',NULL,'V','62860b3bcf79608b276bdeb0828f181f'),(374,'Um amigo que entende suas lágrimas é muito mais valioso do que aquele que só conhece seus sorrisos.','FR','2017-03-13',NULL,'V','57f0038bcffa256cf96e37abd30d8937'),(375,'Dê prioridade a Deus. Ele nunca te deixa em segundo plano.','FR','2017-03-13',NULL,'V','c8a8b5e9716f7597232153aabd27dee6'),(376,'Mesmo tão longe você continua perto. É tão lindo e dolorido o jeito que o coração disfarça distância.','FR','2017-03-13',NULL,'V','054f7dd037f7d5a316d755f21d93cd26'),(377,'A melhor saudade é a que se mata!','FR','2017-03-13',NULL,'V','8124409e74a8faf6ede83705d60d92e4'),(378,'Por você eu roubaria os anéis de Saturno.','FR','2017-03-13',NULL,'V','50116bf6c155e3902f18fe5ce83922bf'),(379,'Se as pessoas soubessem o quanto eu já cuido da minha vida, não precisariam se preocupar com isso.','FR','2017-03-13',NULL,'V','5d27856a4ed39488a68e860b92336fce'),(380,'A grama mais verde é aquela que você cuida.','FR','2017-03-13',NULL,'V','275ce04deceba395e5c1903f8b04dfbe'),(381,'É cambaleando que se descobre o equilíbrio.','FR','2017-03-13',NULL,'V','a72db5c571efcc7780dfb3415b95c933'),(382,'Celebre cada pequena vitória!','FR','2017-03-13',NULL,'V','92ff05960e6b8fb4db821e43586b63a8'),(383,'O ótimo ano que desejamos depende somente de nós. Feliz Ano Novo!','FR','2017-03-13',NULL,'V','f84829e771938271b6044d8a700b7fa9'),(384,'Amanhã é a primeira folha em branco de um livro de 365 páginas. Escreva-o bem!','FR','2017-03-13',NULL,'V','c359ea6f050260ee7b0746f8820ba74d'),(385,'Encher o coração de coisas boas é a melhor forma de se proteger contra o mal.','FR','2017-03-13',NULL,'V','fab046edcc8ed82acced68fdd27800a8'),(386,'Nossa vida não muda com a virada de um ano, mas podemos mudar a forma que vamos viver deste momento em diante.','FR','2017-03-13',NULL,'V','4f28db83f939258ea299d0dd06c36c81'),(387,'Você não precisa ser perfeito para ser incrível.','FR','2017-03-13',NULL,'V','667f7c70659ae6a1a0531c5900e99cc6'),(388,'Os momentos mais bobos e simples são os que trazem as melhores lembranças. A felicidade está onde você quer que ela esteja!','FR','2017-03-13',NULL,'V','a122d269d70de30080677047361e48e7'),(389,'Todo dia é sempre um recomeço!','FR','2017-03-13',NULL,'V','2e410aa9d08e9e14b3ec43fafc65d378'),(390,'Pare de procurar uma cara metade! A gente já nasce por inteiro.','FR','2017-03-13',NULL,'V','c90a748ceb153ea1843da983887f9452'),(391,'Em meio a tantas constelações e estrelas, eu te encontrei.','FR','2017-03-13',NULL,'V','6ce7c788f377cd1ae74919e3099abc74'),(392,'Apenas comece.','FR','2017-03-13',NULL,'V','ddc511183c0a5be06dae76c2740f52f7'),(393,'Que o Menino Jesus faça morada em seu coração, irradiando-o com sua luz e seu amor. Feliz Natal!  ','FR','2017-03-13',NULL,'V','d1420bae07089e2af76b97edf327098d'),(394,'Que os bons momentos sejam eternos. Feliz Natal!','FR','2017-03-13',NULL,'V','bed4e46c3104bedd2a9c3c39cbf1e2c8'),(395,'Pensamento positivo só leva a gente pra frente!','FR','2017-03-13',NULL,'V','88e793cf70ac4ddfe67d90df236f5650'),(396,'Não existem limites para nossos sonhos, basta acreditar. Feliz Natal!','FR','2017-03-13',NULL,'V','356abe1e29f0b308801f1f8040cdb98d'),(397,'A essência da vida não é ter, é ser.','FR','2017-03-13',NULL,'V','444515cd87273808ea5f194eda7e56e1'),(398,'O medo mais bobo é o medo de amar.','FR','2017-03-13',NULL,'V','4d6ec43c6308996fc73a5b451ae6e822'),(399,'Ame a pessoa perfeitamente imperfeita que você é.','FR','2017-03-13',NULL,'V','e6a22ee518c2e355960b71519af17662'),(400,'Que Deus em sua infinita bondade, abençoe e encha de paz todos os corações. Feliz Natal!    ','FR','2017-03-13',NULL,'V','038834940abaec63a513be3d99e121ba'),(401,'Quando a felicidade de alguém é a sua felicidade isso é amor.','FR','2017-03-13',NULL,'V','a54d9a17d40a3851d11c0f6d10590840'),(402,'Carinho é tocar com respeito o mundo do outro.','FR','2017-03-13',NULL,'V','7adae5c58aab0710f665741b5e2b2069'),(403,'Não preciso ser a mais bonita, a mais inteligente ou a mais magra... Quero ser a mais feliz!','FR','2017-03-13',NULL,'V','a09caf9292272b79b5f1a36a76211e95'),(404,'Deus está mais perto do que notamos, é mais forte do que acreditamos e mais justo do que merecemos.','FR','2017-03-13',NULL,'V','6ad02dadf792c0e47002ed578cd4fc66'),(405,'A vida me ensinou a dizer adeus às pessoas que eu amo, sem tirá-las do meu coração.','FR','2017-03-13',NULL,'V','9c64472447041af31de4bc783868b8b8'),(406,'O Natal dos sonhos é aquele que você idealiza no espírito, sente no coração e partilha na solidariedade.','FR','2017-03-13',NULL,'V','4341b0d416371a661babf4bcb5d2e8d4'),(407,'Apague o que não te faz feliz!','FR','2017-03-13',NULL,'V','9908bb0f797bb36c4e759c7e9d8c7330'),(408,'Atraia o que você espera. Reflita o que você deseja. Torne-se o que você respeita. Espelhe-se no que você admira.','FR','2017-03-13',NULL,'V','16e05c4d836d3a302689b28b560f9a67'),(409,'Tem gente que chega e faz seu dia clarear, tem gente que chega e ilumina sua vida inteira.','FR','2017-03-13',NULL,'V','26e68ecfab398b7983257cd009d18404'),(410,'Seja leve. Esvazie o que te pesa. Valorize o que te alegra. Fale o que te afeta. Sinta forte o que te move. Silencie o que desgasta. Agradeça pelas coisas boas que acontecem.','FR','2017-03-13',NULL,'V','07abaa169ac9f8322dc212c790605f55'),(411,'E que hoje nada te atrapalhe, nada te incomode, nada te provoque pro lado ruim. É tempo de deixar a vida acontecer, amar quem é preciso amar e sorrir com o que te faz bem.','FR','2017-03-13',NULL,'V','8791a95d11c4024d314eb66577db9be3'),(412,'Às vezes, o melhor que podemos fazer é ofertar um doce para quem ousar amargar o nosso dia.','FR','2017-03-13',NULL,'V','4193b681d9ef5f4284dd8c855f564789'),(413,'Onde há fé, há amor. Onde há amor, há paz. Onde há Deus, nada falta. Tenha uma boa tarde!','FR','2017-03-13',NULL,'V','a2755031bf18558de5248dbd1acebc17'),(414,'O lado bom da vida é você quem faz!','FR','2017-03-13',NULL,'V','35eba38cce14cd18098fa09a42ba142c'),(415,'O próprio Senhor irá à sua frente e estará com você; ele nunca o deixará, nunca o abandonará. Não tenha medo! Não se desanime! (Deuteronômio 31:8)','FR','2017-03-13',NULL,'V','5c88d057f0a1310b9229423fea9e2ca5'),(416,'Pra hoje e sempre te desejo: o bom, o bem e o melhor!','FR','2017-03-13',NULL,'V','2e215a622b556c16e285293c383ab9a1'),(417,'Se algo bom acontecer, seja grato. Se algo ruim acontecer, seja forte.','FR','2017-03-13',NULL,'V','ef1fdc38fcc37cfe8da8624e58770f66'),(418,'O Senhor te abençoe e te guarde. O Senhor faça resplandecer o seu rosto sobre ti, e tenha misericórdia de ti. O Senhor sobre ti levante o seu rosto e te dê a paz. (Números 6:24-26)','FR','2017-03-13',NULL,'V','31cb796ab002aa589ef9eda755464627'),(419,'Se te acrescenta, tenta!','FR','2017-03-13',NULL,'V','51aa0892ded43eeabb72b7163fdf9c39'),(420,'O seu nome fica tão lindo ao lado do meu...','FR','2017-03-13',NULL,'V','ba476fd5d70149cfc4ad2d86b845eeec'),(421,'Honra teu pai e tua mãe, a fim de que tenhas vida longa na terra que o Senhor teu Deus te dá. (Êxodo 20:12)','FR','2017-03-13',NULL,'V','52810ceb7712847b403f33bf7d5b5b3e'),(422,'Para começar bem o dia, uma pitadinha de amor e outra bem generosa de gratidão.','FR','2017-03-13',NULL,'V','270ec690cfcc080ac90b17517a993ab2'),(423,'Sozinha, sou prosa. Ao teu lado, poesia.','FR','2017-03-13',NULL,'V','32b05edf20bcd589baca9cec91d0b395'),(424,'O amor é paciente, o amor é bondoso. Não inveja, não se vangloria, não se orgulha. Não maltrata, não procura seus interesses, não se ira facilmente, não guarda rancor. O amor não se alegra com a injustiça, mas se alegra com a verdade. Tudo sofre, tudo crê, tudo espera, tudo suporta. (1 Coríntios 13:4-7)','FR','2017-03-13',NULL,'V','1e0b1110ba10f465c6b43a1c9b16ac1c'),(425,'Eu nunca me cansarei de dizer que é você quem eu amo, é você quem eu quero e é ao seu lado que eu quero acordar todos os dias.','FR','2017-03-13',NULL,'V','3d546f93c9306d4c6a2868e02bf999c0'),(426,'Espante seus medos!','FR','2017-03-13',NULL,'V','44fe35396683a07e3020c41d837e0169'),(427,'Numa vida bem vivida, cada segundo que passa é uma saudade que fica.','FR','2017-03-13',NULL,'V','a0d0284af5494755058dbb82c92e5ad4'),(428,'Até mesmo a hora mais sombria tem apenas 60 minutos.','FR','2017-03-13',NULL,'V','02da045a7be7d6163319a1230909a04c'),(429,'Eu gosto daquilo que dá borboletas no estômago, friozinho na barriga e um brilho no olhar!','FR','2017-03-13',NULL,'V','8eb0153402002a4af729496e2d792dbd'),(430,'Pra que ter medo? Deus já está no lugar onde você quer chegar!','FR','2017-03-13',NULL,'V','3f833a2157eb926d182cb41464eface8'),(431,'Desistir? Só quando eu deixar de existir.','FR','2017-03-13',NULL,'V','1d910dd6da1a384166b78eaaff76dd2c'),(432,'Os melhores sonhos acontecem quando estamos acordados.','FR','2017-03-13',NULL,'V','da212daaece9a13172e31ac8a40bd011'),(433,'O suor é a chave para transformar os seus sonhos em realidade.','FR','2017-03-13',NULL,'V','05217ee58d039915d325145c93daf3e0'),(434,'Você é tudo que eu preciso!','FR','2017-03-13',NULL,'V','29aa157fda0d11eb1f08b59d70beb545'),(435,'Felicidade é a combinação de sorte com escolhas bem feitas.','FR','2017-03-13',NULL,'V','60641c7e4fe601ac5061322252b45482'),(436,'Um bom vencedor é aquele que planeja seus passos sem pisar em ninguém.  ','FR','2017-03-13',NULL,'V','5835bb375b65f9b3726111f907359de8'),(437,'Se a felicidade está nas pequenas coisas te desejo uma vida cheia de coisinhas.','FR','2017-03-13',NULL,'V','9151f3ce452c9f03636b7761bca3e187'),(438,'Aos que tentam me parar, um aviso: tô sem freio e eu vou até o fim!','FR','2017-03-13',NULL,'V','e15b96cc49e047a498e0e0d2bb332186'),(439,'Bom dia! A vida sempre nos oferece uma segunda chance e ela se chama amanhecer!','FR','2017-03-13',NULL,'V','090a184ea277066496ec7c978f10f2ff'),(440,'Qualquer pessoa que te motiva a ser melhor é alguém que vale a pena manter por perto.','FR','2017-03-13',NULL,'V','a8eb95b3e207af45f5f110cc5bb56176'),(441,'Já que a felicidade incomoda tanto, vamos cuidar de ser ainda mais felizes e incomodar muito mais!','FR','2017-03-13',NULL,'V','525f2f02dd738823334410f6062548df'),(442,'O único responsável pela sua felicidade é você mesmo.','FR','2017-03-13',NULL,'V','ea90feea23b5585ed28389029fb38c5f'),(443,'Talvez o hoje seja o amanhã que você tanto procura.','FR','2017-03-13',NULL,'V','581f8f609a613dc5666e2f8558e1a69f'),(444,'Os verdadeiros estão com você nas horas mais difíceis.','FR','2017-03-13',NULL,'V','ec2b97333fb72789b258f087b2b63589'),(445,'Você só vai descobrir novos caminhos quando mudar a direção.  ','FR','2017-03-13',NULL,'V','161eb68511daf8c53904888983e503a0'),(446,'Acreditar que tudo tem solução não é otimismo, é fé.','FR','2017-03-13',NULL,'V','589eff1d870d578bd79dd584c1eb3b3e'),(447,'Tempos difíceis sempre irão revelar os verdadeiros amigos.','FR','2017-03-13',NULL,'V','f0f52b9696b6c262e6b8fac94c35f408'),(448,'Na vida você tem duas escolhas: esperar acontecer ou fazer com que aconteça.','FR','2017-03-13',NULL,'V','ae5c74cbabd25eb0d4759ccc55f93015'),(449,'Você é bom o bastante, só precisa acreditar nisso para começar a perceber.    ','FR','2017-03-13',NULL,'V','eed5d7c069f150cda0259d5900003da0'),(450,'Que a gente saiba agradecer o pouco para que possamos merecer o muito.','FR','2017-03-13',NULL,'V','de2cadf70e9110213cac3b70e017b5d4'),(451,'Ninguém perde por dar amor. Perde quem não sabe receber.','FR','2017-03-13',NULL,'V','8ba32885e7903fd4ee5a82bd237123e6'),(452,'Ninguém passa pela tua vida por engano.','FR','2017-03-13',NULL,'V','f83ffb177b0289403a42c03302383c03'),(453,'Conversar com Deus te acalma, ouvir as respostas de Deus te fortalece.','FR','2017-03-13',NULL,'V','319534b2b857cdfefd08ca7b87ae9184'),(454,'Você pode estar a milhas e milhas distante de mim, mas a distância é um detalhe muito pequeno pois o amor transborda dentro de mim.    ','FR','2017-03-13',NULL,'V','4dba90900b16915b846e3844a46593a0'),(455,'O que você pediria nesse exato momento, se soubesse que a resposta seria ?sim??','FR','2017-03-13',NULL,'V','e727b8113e8c461944d62261379aa01e'),(456,'Entenda que a felicidade não é ter. É ser!  ','FR','2017-03-13',NULL,'V','48acb8a4fdb728a337a100e0fbc6d861'),(457,'Misture-se com pessoas de bom coração!  ','FR','2017-03-13',NULL,'V','61cb1895b31b87f7705d5b3c91de0237'),(458,'Seus olhos, sua voz, seu sorriso, seu cheiro, suas manias, seus abraços, seu jeito absurdo de me fazer tão sua!  ','FR','2017-03-13',NULL,'V','99502e6e86b8a407445c2741834a6e65'),(459,'Eu não tenho muitas respostas. O que eu tenho é fé. E uma vontade bonita, toda minha, de crescer.  ','FR','2017-03-13',NULL,'V','8b55f7ed77366bb0eb249b053e8565ce'),(460,'Ninguém cruza nosso caminho por acaso e nós não entramos na vida de alguém sem nenhuma razão.  ','FR','2017-03-13',NULL,'V','144033e794873aa1d0385628ec70f420'),(461,'Se amor incondicional existe, é graças a você. Feliz Dia das Mães! Te amo.  ','FR','2017-03-13',NULL,'V','18f9f0fb828daeabf727f1f2ee591e75'),(462,'Se não for hoje, um dia será. Algumas coisas, por mais impossíveis e malucas que pareçam, a gente sabe, bem no fundo, que foram feitas para um dia dar certo.  ','FR','2017-03-13',NULL,'V','9bc53b96db407cd90b54d9be157aeb79'),(463,'Algumas pessoas foram feitas para ficar em nossa vida, outras foram feitas para ficar na nossa memória.','FR','2017-03-13',NULL,'V','b7ad4d479127625559f33bb0b059c526'),(464,'Deus não prometeu dias sem dor, risos sem sofrimentos e sol sem chuva. Mas prometeu força para o dia, conforto para as lágrimas e luz para o caminho.  ','FR','2017-03-13',NULL,'V','630bdadb9c53e38b250d6450f9076bc2'),(465,'Um dia o nosso amor vai ser tão grande, mas tão grande, que teremos que mudar da Terra pra morar dentro dele.','FR','2017-03-13',NULL,'V','ea5ff57e3d056fdbf87819f4b4ce1027'),(466,'De todas as coisas a serem feitas antes de dormir, a melhor e mais certa é entregar tua vida e teu destino nas mãos de Deus.','FR','2017-03-13',NULL,'V','b35501787235d29371f7e6a2163c3b03'),(467,'Só desista de desistir!  ','FR','2017-03-13',NULL,'V','2ae9a4030aee86b56f3ba39a1c6b73ae'),(468,'A gente gasta energia demais com coisas que importam de menos. A chave para uma vida saudável não é salada, é se poupar de todos os excessos.','FR','2017-03-13',NULL,'V','b994d948caf11c9b2c81393475091b1a'),(469,'A vida é open bar, você só decide de que se embriagar. Que tal um porre de felicidade?','FR','2017-03-13',NULL,'V','2f68be92f191e9f5d7d0670a685ee981'),(470,'Felicidade é ter alguém para amar, algo para fazer e alguma coisa pela qual esperar.','FR','2017-03-13',NULL,'V','324563212028616dd1467df037642b58'),(471,'As pessoas que têm medo de amar são as mais capazes de dar amor.','FR','2017-03-13',NULL,'V','49f4d7b30aa07753336507b8a9bc26b8'),(472,'O sorriso enriquece os recebedores sem empobrecer os doadores.','FR','2017-03-13',NULL,'V','b589a7e79083ff8b365d445bacec0f6e'),(473,'O coração dispara, tropeça, quase para, me encaixo no teu cheiro e ali me deixo inteiro.  ','FR','2017-03-13',NULL,'V','949b2a5e560a70c49265f1a416ebf447'),(474,'Antes de qualquer coisa, ore. Depois de qualquer coisa, agradeça.','FR','2017-03-13',NULL,'V','3c300d4ea72ad8dfeeedca17d16e420b'),(475,'Tem dias em que a saudade é maior do que a necessidade de esquecer.  ','FR','2017-03-13',NULL,'V','f91970dea1160b9db49f6dba43ebb793'),(476,'Coração em paz, Deus sabe o que faz.','FR','2017-03-13',NULL,'V','9012274e5fa6d92c7bab032a9e267896'),(477,'Por mais que eu não esteja ao seu lado agora, é onde eu mais queria estar.','FR','2017-03-13',NULL,'V','c738dc457e18e67920f069a0891a074a'),(478,'Toda despedida é um encontro que ficou pra depois.','FR','2017-03-13',NULL,'V','759fe7b67cbe53b1537cb34b7d67b754'),(479,'O amor não desiste, resiste.','FR','2017-03-13',NULL,'V','94679517d708393a2d27c6c266b2d274'),(480,'Você é um pedacinho de Deus na minha vida.  ','FR','2017-03-13',NULL,'V','3f27831c36ffb0b7e7aca43a8d827949'),(481,'Sonhos não foram feitos para ficarem em gavetas!  ','FR','2017-03-13',NULL,'V','2a0ae105b481451557eaa0b8c69ce3ff'),(482,'Gratidão é um dos bens mais valiosos da alma.  ','FR','2017-03-13',NULL,'V','c917a751f32e5c25357a1973f988d963'),(483,'Sem cuidar nada floresce.  ','FR','2017-03-13',NULL,'V','8dcda07eb91ee5cfad3af0f141a69d54'),(484,'Seja você o grande amor da sua vida!  ','FR','2017-03-13',NULL,'V','0db2e1d7f99081e8f7c80316bf83c753'),(485,'A distância será sempre longa para os que não querem chegar.  ','FR','2017-03-13',NULL,'V','a01960ba4f318a6521d7e2d579d1c94d'),(486,'Sorria mais, reclame menos.  ','FR','2017-03-13',NULL,'V','733bb4c94ca60dc3123c60b9ccc081c5'),(487,'Na vida a gente tem que se arriscar.','FR','2017-03-13',NULL,'V','0d673e47d2850e4f0154d037c9eccb65'),(488,'Você nunca sabe a força que tem até que a sua única alternativa é ser forte.    ','FR','2017-03-13',NULL,'V','542d727477434482b33d40d982403ac8'),(489,'Não existe sucesso sem suor.','FR','2017-03-13',NULL,'V','a40f69b39cb2c1821e8c0faa1557343f'),(490,'O que faz um sonho impossível é o medo de fracassar.  ','FR','2017-03-13',NULL,'V','ee8c89ab29dd667a7fe91f59a65a1c70'),(491,'A melhor maneira de ter uma boa ideia é ter muitas.  ','FR','2017-03-13',NULL,'V','c4570314d3f3043b590397911dce592d'),(492,'Que o vento sopre sempre a favor da felicidade!  ','FR','2017-03-13',NULL,'V','3b2d1fe97d233338399c853d0b702e9d'),(493,'A vida está cheia de desafios que, se aproveitados de forma criativa, transformam-se em oportunidades.    ','FR','2017-03-13',NULL,'V','a14f528c25d8a3cb57f6d5c1b3a2d3c1'),(494,'Nunca é cedo demais para nos transformarmos no melhor que podemos ser.  ','FR','2017-03-13',NULL,'V','f9f0154e1c42ac462a3223c32ad91c63'),(495,'Cultive todas as pessoas e as certas vão brotar!  ','FR','2017-03-13',NULL,'V','c15129e2ec68edde7d880eed20369f66'),(496,'O mundo é grande demais para você pensar pequeno.    ','FR','2017-03-13',NULL,'V','f7428c155ebdfb21afc44e12ea806421'),(497,'Quando a gente acha que sabe todas as respostas, a vida muda todas as perguntas.  ','FR','2017-03-13',NULL,'V','42c227c7520dc32ff1e03fc9c52199b7'),(498,'A saudade é como a gripe: de noite piora bastante.','FR','2017-03-13',NULL,'V','25a163508de93f44f615a18f60847640'),(499,'Hoje o dia vai ser lindão!  ','FR','2017-03-13',NULL,'V','362916f8b18e60b7885803eabff66786'),(500,'Cuide da oração e Deus cuidará do seu coração.  ','FR','2017-03-13',NULL,'V','1433c53cbb140e4427d5e419d69c2c47'),(501,'Quase sempre é muito cedo para ser tarde demais.','FR','2017-03-13',NULL,'V','4d94ac99ddaa97622b9eaa5bf0aafd2f'),(502,'Às vezes o pior que acontece é o melhor que poderia ter acontecido.','FR','2017-03-13',NULL,'V','d27beae584d26e0704d6f3f6149fcc00'),(503,'Deus acredita em você e isso já é o suficiente pra você não desistir.','FR','2017-03-13',NULL,'V','fd1c86159f29455174e11e125bf188bd'),(504,'Quem parte também fica partido.','FR','2017-03-13',NULL,'V','8deb7aee2b57f92b7662a860aa621f9c'),(505,'O que Deus tem para você chegará até você! Espere.  ','FR','2017-03-13',NULL,'V','eb63b9d7d026df88fb864a29436fc638'),(506,'Coragem é agir com o coração.','FR','2017-03-13',NULL,'V','a88e9ed5b5fd9842de21fd33d2d32946'),(507,'Teu abraço me causa amnésia!  ','FR','2017-03-13',NULL,'V','01a589a30e727e6ef3655171a500e4a5'),(508,'A preguiça me impede de ser triste!  ','FR','2017-03-13',NULL,'V','0dd6ee58174c165541f9d5f4bb120a9f'),(509,'Espalhe gentileza por aí!','FR','2017-03-13',NULL,'V','625d24ffc50de7c7940c6a604db755ee'),(510,'O riso é atemporal, a imaginação não tem idade e os sonhos são para sempre.','FR','2017-03-13',NULL,'V','8d2cd725ca47a6ef72b2bda306327660'),(511,'O sábio nunca diz tudo o que pensa, mas pensa sempre tudo o que diz.','FR','2017-03-13',NULL,'V','dc0aff210c30eb4f51e033fa395eae7a'),(512,'Nenhum homem é rico o suficiente para comprar de volta seu passado.','FR','2017-03-13',NULL,'V','b1d2ec732274712dd17db4e88f8c1b57'),(513,'Os melhores momentos da vida não tem nada a ver com dinheiro.','FR','2017-03-13',NULL,'V','743bff823c0a081fa2fac129edf70289'),(514,'Fortes são aqueles que transformam em luz o que era escuridão.','FR','2017-03-13',NULL,'V','2c253c9fedda666c839830cdf87fff38'),(515,'A palavra impossível foi inventada por alguém que desistiu.','FR','2017-03-13',NULL,'V','8f708ad3e2216fb7ca2c6ca68fb07300'),(516,'Não fuja da tempestade, aprenda a dançar na chuva!','FR','2017-03-13',NULL,'V','0149b7c8d917f3963f801090a8d229b1'),(517,'Os abraços são anjos costurando nossas almas com fios de nuvem.','FR','2017-03-13',NULL,'V','1de31175cc58439990140ddb1d58f309'),(518,'Pode não parecer fácil, mas valerá a pena.','FR','2017-03-13',NULL,'V','47a9451e78900485db696af46145a34e'),(519,'Na falta de amar alguém, eu me amei e me senti amado, e foi amor por mim pra todo lado.','FR','2017-03-13',NULL,'V','b112a9a4e124e641b2698da51682c725'),(520,'O hábito de agradecer libera o fluxo de receber.','FR','2017-03-13',NULL,'V','ca80b0cbd86d10ce432a374799f52908'),(521,'Fotografar é colocar na mesma linha de mira, a cabeça, o olho e o coração.','FR','2017-03-13',NULL,'V','0f4a7fee2c43ecfa7bcec02519a31193'),(522,'O amor aumenta a gente!','FR','2017-03-13',NULL,'V','747fc5547bc2dc504d7d2f60fe9c1666'),(523,'Mais importante do que amar alguém, é curtir a própria companhia.','FR','2017-03-13',NULL,'V','c8d61fd1f372331b345d23bf4ce665e1'),(524,'Se você esperar estar pronto, vai esperar para sempre.','FR','2017-03-13',NULL,'V','7ce63674e66897f0f18a35e689e7cc1c'),(525,'Algumas tempestades chegam apenas para testar a força das nossas raízes.','FR','2017-03-13',NULL,'V','f983e27d7bdcc56e36cca92e429e3871'),(526,'Se faz bem pro coração, faça!','FR','2017-03-13',NULL,'V','db15206e8f95c3cd5f76aa530f89860b'),(527,'Seja uma boa lembrança!','FR','2017-03-13',NULL,'V','846d9436c7a26e225b779ef47e73a535'),(528,'Fosse o mar mais feminino, chamaria a mar e eu amaria.','FR','2017-03-13',NULL,'V','5593764170188f9f4659da72ba223a9b'),(529,'The \"earth\" without \"art\" is just \"eh\".','FR','2017-03-13',NULL,'V','6153134e52cb1a38130c771af382af8c'),(530,'Para nutrir o coração, tome todo dia uma dose de gratidão.','FR','2017-03-13',NULL,'V','5ae5c9b7acd9031f7deaf92fe8fcc640'),(531,'Ao invés de esperar cair do céu, voe!','FR','2017-03-13',NULL,'V','23f814b5c72adc06d9467dac71f69b7b'),(532,'Mire na lua, porque mesmo que você erre, acabará entre as estrelas.','FR','2017-03-13',NULL,'V','4fdabf453d9a195ad4a3dccf3e2eb2aa'),(533,'Espalhe amor como se fosse confete!','FR','2017-03-13',NULL,'V','2e10f3421b9ea5919455bad298424b86'),(534,'O universo é do jeitinho que você o desenha.','FR','2017-03-13',NULL,'V','cc9b229c1c96668948cf5f9dc6f36925'),(535,'Se o sol não voltar amanhã, eu uso o seu sorriso pra iluminar o meu dia.','FR','2017-03-13',NULL,'V','70322e313f7cfabb3ff73f08c02d1601'),(536,'O tempo tem uma forma maravilhosa de nos mostrar o que realmente importa.','FR','2017-03-13',NULL,'V','f628142c95c466faffbef42579744929'),(537,'Quando penso em alguém, só penso em você.','FR','2017-03-13',NULL,'V','5c732083e4a6337f596b2e36372931f7'),(538,'Quem me dera, ao menos uma vez, acreditar por um instante em tudo o que existe. Acreditar que o mundo é perfeito e que todas as pessoas são felizes.','FR','2017-03-13',NULL,'V','efeed422bcda26c744e97dc5258988a1'),(539,'Não estatize meus sentimentos. Para o seu governo, o meu estado é independente.','FR','2017-03-13',NULL,'V','0123c93f5e9eb405a89d64efab5d48a4'),(540,'Já que é preciso aceitar a vida, que seja então corajosamente.','FR','2017-03-13',NULL,'V','e2130cf99bb23ab452ec9fd30ecb8a58'),(541,'Aonde está você agora além de aqui dentro de mim?','FR','2017-03-13',NULL,'V','7ecdc9bb3732cf2585f1a53f262b4d70'),(542,'Nunca chore diante das pessoas que não entendem o significado de suas lágrimas, porque amar é uma arte mas nem todo mundo é artista.','FR','2017-03-13',NULL,'V','9019f642349a74dd24bc8a5b57cdd310'),(543,'Quem um dia irá dizer que existe razão nas coisas feitas pelo coração?','FR','2017-03-13',NULL,'V','733ac31e2066df11c7b8d3dbfbf73b63'),(544,'Se você quiser alguém para ser só seu, é só não esquecer que eu estarei aqui.','FR','2017-03-13',NULL,'V','acfc9b4713388f4b3fe202cf243e7a7e'),(545,'Sei que às vezes uso palavras repetidas, mas quais são as palavras que nunca são ditas?','FR','2017-03-13',NULL,'V','cc77a20ecd6df68547918a01989a8096'),(546,'Pecado é provocar desejo e depois renunciar.','FR','2017-03-13',NULL,'V','7a3b222d44165555ad0511d7d6fafbd9'),(547,'Disciplina é liberdade, compaixão é fortaleza, ter bondade é ter coragem.','FR','2017-03-13',NULL,'V','5e63d9b7559da83a169dec628c5f2e7a'),(548,'Se lembra quando a gente chegou um dia a acreditar que tudo era para sempre, sem saber que o para sempre, sempre acaba.','FR','2017-03-13',NULL,'V','0f38ca5625fd7d2da28dbfd7b7f510f3'),(549,'Triste coisa é querer bem a quem não sabe perdoar.','FR','2017-03-13',NULL,'V','a645ddf3ed589bbd6ba76d0d5f5be791'),(550,'Se o mundo é mesmo parecido com o que vejo, prefiro acreditar no mundo do meu jeito.','FR','2017-03-13',NULL,'V','077c001c606ea648801d3e6542eea144'),(551,'Tenho saudades de tudo que ainda não vi.','FR','2017-03-13',NULL,'V','95349c41b8cd01a9197a8edb53348beb'),(552,'Às vezes nem me preocupo tanto comigo... Mas há pessoas que amo e não quero vê-las sofrer.','FR','2017-03-13',NULL,'V','dc7795d8c003d32a6484b6ebb1665672'),(553,'Todos os dias quando acordo, não tenho mais o tempo que passou. Mas tenho muito tempo, temos todo o tempo do mundo.','FR','2017-03-13',NULL,'V','dd24564254ca636a5f39f2aefa575d82'),(554,'Mentir pra si mesmo é sempre a pior mentira.','FR','2017-03-13',NULL,'V','202eccf2614047db9325db562bd47204'),(555,'Quando tudo nos parece dar errado, acontecem coisas boas que não teriam acontecido se tudo tivesse dado certo.','FR','2017-03-13',NULL,'V','d1e5891c2e12a34a7c37b76f7a349a78'),(556,'A esperança é a luz que nos guia para bem longe do precipício dos nossos piores pensamentos.','FR','2017-03-13',NULL,'V','9bdcf5d03992fb2db07a4471a8dd4498'),(557,'Se você quiser alguém em quem confiar, confie em si mesmo.','FR','2017-03-13',NULL,'V','88fbe00c642bb31ced15cdd4cf2a5c88'),(558,'Quem insiste em julgar os outros sempre tem alguma coisa para esconder.','FR','2017-03-13',NULL,'V','e1baa33e782b010bb4e75b25a221efab'),(559,'Eu poderia ser a pessoa mais agradável do mundo mas optei por ser eu mesmo.','FR','2017-03-13',NULL,'V','e275b94c4337d7409fad7183a0302026'),(560,'Quero ter alguém com quem conversar. Alguém que depois não use o que eu disse contra mim.','FR','2017-03-13',NULL,'V','d3e23ba3c50a5f03694111a0464f4ac6'),(561,'É preciso amar as pessoas como se não houvesse amanhã, porque se você parar para pensar, na verdade não há.','FR','2017-03-13',NULL,'V','6c5747b7532416d1db350d31ab5d85a5'),(562,'Quantas chances desperdicei quando o que eu mais queria era provar pra todo mundo que eu não precisava provar nada pra ninguém.','FR','2017-03-13',NULL,'V','aec934bc111b48ba75d764966b28c253'),(563,'Não busque pessoas perfeitas porque não somos, busque apenas pessoas que te valorizam.','FR','2017-03-13',NULL,'V','8a958f37c6c43b9d6da3eec5739717f9'),(564,'Não preciso de modelos. Não preciso de heróis. Eu tenho meus amigos.','FR','2017-03-13',NULL,'V','8f4af299b2af75748ffba99b0a187cb3'),(565,'Quem pensa por si só é livre e ser livre é coisa muito séria.','FR','2017-03-13',NULL,'V','53af906a4071e9e9996ee4e602a09756'),(566,'Quando se aprende a amar, o mundo passa a ser seu.','FR','2017-03-13',NULL,'V','95f117089eb6024cd68e5c78bee4cdba'),(567,'A vida sempre lhe dará infinitas possibilidades para começar de novo.','FR','2017-03-13',NULL,'V','c6af14c9b3fc1a6ce065f36c41c5b409'),(568,'Às vezes o impossível está a um pequeno passo de se realizar!','FR','2017-03-13',NULL,'V','a6a50269436467358dee75644de6e4b7'),(569,'Mesmo com tantos motivos pra deixar tudo como está, nem desistir, nem tentar, agora tanto faz. Estamos indo de volta pra casa.','FR','2017-03-13',NULL,'V','f47a08c32c85a6080700a9df578094ae'),(570,'Dançar, sorrir e deixar rolar. Sentir o som. Mexer seu corpo. Flutuar. Deixar o coração guiar. Dançar a dança da vida. Ser seu próprio par.','FR','2017-03-13',NULL,'V','695adbd735ff4c26a9f7c812ad8f8d80'),(571,'Eu não existo longe de você e a solidão é o meu pior castigo. Eu conto as horas pra poder te ver, mas o relógio tá de mal comigo.','FR','2017-03-13',NULL,'V','720c9ad00f2445fd37e5f97b402377ee'),(572,'Você está tão longe, mas eu te sinto bem perto.','FR','2017-03-13',NULL,'V','6e82e0f26e1f3cca05e72f5042be683c'),(573,'Dizem que o amor deixa a gente completo, mas eu sou só metade sem você por perto.','FR','2017-03-13',NULL,'V','ca2892e2732dcb0d6f6cb0a4888da273'),(574,'Não há distância que me faça te esquecer.','FR','2017-03-13',NULL,'V','af6e322c4a8ea98df37b696e25d98235'),(575,'É tão bom acordar, pegar o celular e já ter mensagem sua.','FR','2017-03-13',NULL,'V','5a55eeb2747832a08ec85a88ac2c4d46'),(576,'Não importa a distância, sempre estaremos juntos.','FR','2017-03-13',NULL,'V','81b71c2533bb9f68b4e3043f62c8a758'),(577,'Quem dera viver num mundo, onde amar alguém fosse suficiente para ficar junto dela.','FR','2017-03-13',NULL,'V','ef13120de60e3e6687c8f4e62d0843d3'),(578,'Tão longe do meu corpo e tão perto do meu coração.','FR','2017-03-13',NULL,'V','15e3b1568ce48be47e461b577f248889'),(579,'Eu queria que você estivesse aqui.','FR','2017-03-13',NULL,'V','5fa7069e50e721af1b7a964f77cc5fd0'),(580,'Saiba que onde quer que eu esteja, eu estou com saudades.','FR','2017-03-13',NULL,'V','3a972e3e23099971491b17216be1aee1'),(581,'Só queria te abraçar. Um abraço bem forte, bem verdadeiro, abraço longo, cheio de sentimento.','FR','2017-03-13',NULL,'V','fa3fc8f3afc3e4ad108c0cfe3980b34d'),(582,'Menos distância e mais você, por favor.','FR','2017-03-13',NULL,'V','bddf0fd838b9c7f61c690fef4967f1ca'),(583,'Eu queria que você estivesse aqui, ou eu estivesse aí, ou que a gente estivesse junto em qualquer lugar!','FR','2017-03-13',NULL,'V','6e06f5f27a4485c50d4454a87492f277'),(584,'Para o universo ouvir melhor, sonhe mais alto!','FR','2017-03-13',NULL,'V','de6d59a9427aebd24ea980ed57bd8877'),(585,'Não tenho medo de mostrar quem eu realmente sou, porque todos temos defeitos. E falsidade não é um dos meus.','FR','2017-03-13',NULL,'V','670a133af5026eb3d4b3da3660395df4'),(586,'Quem não vive sem o dinheiro, se vende por muito pouco.','FR','2017-03-13',NULL,'V','a353516a0b18592d5e05df442e69779c'),(587,'Antes levar um tapa da verdade do que um abraço da falsidade. ','FR','2017-03-13',NULL,'V','5e2ea8c33f8df8f95185d17a83b81a16'),(588,'A dureza de um momento de tristeza, nos transmite lições para a vida inteira!','FR','2017-03-13',NULL,'V','39d3e1fde73550c4fcbd775bf0e3f290'),(589,'Cuidado com certas amizades, a cobra mata abraçando. ','FR','2017-03-13',NULL,'V','60edb38666cb85d0fc5d491e00c09c45'),(590,'A vida é um presente de Deus e o casamento é o começo de uma nova vida.','FR','2017-03-13',NULL,'V','966be10eab3d14073d10b28579e20a7d'),(591,'A mulher é o ser mais diferente e complicado de todos, mas é também o mais belo e especial. Feliz Dia da Mulher! ','FR','2017-03-13',NULL,'V','6a077cd1e16764159aa291767f829a4c'),(592,'Ser mulher é amar com toda doçura, lutar com toda bravura, ser sensível com toda lisura e forte com toda ternura. 8 de março, Dia Internacional da Mulher.','FR','2017-03-13',NULL,'V','b6af96d7e7d0cdf4092a2e82774a7b55'),(593,'Infelizmente a solidariedade, caridade e a honestidade são tão raras que quando acontecem viram noticiário. ','FR','2017-03-13',NULL,'V','530aa96741b6e23a02e9f401ab719fde'),(594,'Mulher só não é melhor por pura malandragem das vogais. ','FR','2017-03-13',NULL,'V','23f956f6aa6c95f3bd4f52a4ea823135'),(595,'Até o infinito fica pequeno quando se trata do que eu sinto por você. Te amo muito!','FR','2017-03-13',NULL,'V','b4b446556753e6a0fee0f505f1d2df82'),(596,'As pessoas não estão mais valorizando o amor, só o dinheiro','FR','2017-03-13',NULL,'V','189da547a3b7b0a0685f4c88d8868044'),(597,'Queremos flores, mas também queremos respeito, igualdade, liberdade de escolha e opinião.','FR','2017-03-13',NULL,'V','d25c571f053dc7cb42b7af1a7a7a6203'),(598,'Confie em Deus e tenha uma boa noite! Deus é poderoso para fazer infinitamente mais, muito além daquilo que pedimos ou pensamos.','FR','2017-03-13',NULL,'V','e823eb72a3ebdb71b75ed4694f02a48c'),(599,'Tenha cuidado com aquilo que você faz quando está com raiva. Algumas atitudes deixam marcas que duram para sempre.','FR','2017-03-13',NULL,'V','958c7597febfab7ad8699ff75bcddd61'),(600,'Sou grato pela vida e pelas pessoas que fazem parte dela, mas acima de tudo, grato a Deus por me conceder tudo isso. ','FR','2017-03-13',NULL,'V','8e798b3427a08d87821bc7f66f503684'),(601,'Quando há fraternidade, o amor é sereno; quando há solidariedade, o amor é ativo; quando há caridade, o amor é vivo.','FR','2017-03-13',NULL,'V','e1648c3ccdbab89d38da4eb02cfe0d91'),(602,'Sem o fogo do entusiasmo não há o calor da vitória. ','FR','2017-03-13',NULL,'V','e7929cb2ea00b8e1727e1b5fffc698d4'),(603,'O ruim da ironia é que quando não entendem, quem parece idiota é você! ','FR','2017-03-13',NULL,'V','1406ea6784d02ee870ac47357f7edaed'),(604,'Encare a semana com a leveza dos que abraçam os próprios sonhos.','FR','2017-03-13',NULL,'V','b4e575b41dc5a361f434b4a3974a0040'),(605,'Nunca diga que é tarde demais só por ter falhado na primeira tentativa.','FR','2017-03-13',NULL,'V','564971748835f2ed83442f24150cf438'),(606,'Amor, paixão, carinho, amizade, cumplicidade, afeto, lealdade, fidelidade, respeito? Encontrei tudo isso em uma só pessoa, você! ','FR','2017-03-13',NULL,'V','e273dcffe65aa9f64ca63a321e714043'),(607,'Não é porque você ama que vai funcionar, mas é porque você ama, que vai fazer funcionar.','FR','2017-03-13',NULL,'V','d8a17daa6aaf37bdbe913f505689484b'),(608,'Que a gente sempre carregue fé, amor e pensamento positivo em nossos dias. Boa semana!','FR','2017-03-13',NULL,'V','054c62d6fbf7dccb4ddb7e82dcce188e'),(609,'Por tudo que compartilhamos: nossos sonhos, nossos risos, nossas lágrimas? Meu amor por você é especial, maior e mais profundo a cada ano. Te amo! Feliz Dia dos Namorados!','FR','2017-03-13',NULL,'V','502e18d1d91ff1badf385e583c2acf1b'),(610,'Que os anjos te tragam tranquilidade e sonhos lindos esta noite. Boa noite!','FR','2017-03-13',NULL,'V','9e8a74231cc5b006e035e0a370cd577b'),(611,'Às vezes você precisa chegar ao fundo do poço para enxergar o que está no topo. ','FR','2017-03-13',NULL,'V','9112bd28a0ef709671af9f99e8be7b2a'),(612,'Que a nossa semana seja leve e serena, cheia de bons sentimentos e pensamentos.','FR','2017-03-13',NULL,'V','057e1430b3505338d5938ba10c08ed1b'),(613,'Vitória sem luta é triunfo sem glória.','FR','2017-03-13',NULL,'V','deae97fedae5f0b18103ba78d5f503f5'),(614,'O amor faz notar a distância.','FR','2017-03-13',NULL,'V','0a96784b77d731171960398e08bbedf8'),(615,'O importante não é quem sorri com você, mas quem vai estar com você quando não puder sorrir. ','FR','2017-03-13',NULL,'V','eec7efd2e3cd6dadc461d092f53f4987'),(616,'Tente ouvir para entender e não somente para responder.','FR','2017-03-13',NULL,'V','0fabdfab6ce0810b72c8ba0c926110a1'),(617,'Não se entregue à tristeza. Só o fato de estar vivo te dá motivos pra ser feliz.','FR','2017-03-13',NULL,'V','0f17851108b94a0a545de5f990686283'),(618,'A nossa maior glória não reside no fato de nunca cairmos, mas sim em levantarmo-nos sempre depois de cada queda.','FR','2017-03-13',NULL,'V','7e89753ed421acc5981f4131a97f2d8a'),(619,'Eu sempre fui pobre, mas esse mês estou de parabéns!','FR','2017-03-13',NULL,'V','a4922df42b1530ad17f7db74164473ab'),(620,'Amigo é igual parafuso, a gente só sabe que é bom na hora do aperto!','FR','2017-03-13',NULL,'V','b93abb1cc1cbbc05baa49483eacd8b1e'),(621,'Depois de algum tempo você aprende que verdadeiras amizades continuam a crescer mesmo com longas distâncias. E o que importa não é o que você tem na vida, mas quem você tem na vida. ','FR','2017-03-13',NULL,'V','22fd64d2364cbd0795a2688e48747149'),(622,'A gratidão é o único tesouro dos humildes.','FR','2017-03-13',NULL,'V','6a93cc6736f6085bf20bb3938d618fbd'),(623,'O Ministério da Saúde adverte: te ver longe de mim me faz sentir saudades.','FR','2017-03-13',NULL,'V','fcea884b58e5acbd3d28a17582d127f7'),(624,'Eu sei que Deus está cuidando de cada detalhe!','FR','2017-03-13',NULL,'V','eb820221e99f491b30261d159c5774f1'),(625,'Humildade não é ser pobre, é ser digno. ','FR','2017-03-13',NULL,'V','0847518c40c382ca4a486d20682d72ab'),(626,'Quando falta flores a gente corre no jardim de quem planta o bem para emprestar algumas sementes.','FR','2017-03-13',NULL,'V','da99e17ca2ceb5e349bf9798110fe3c4'),(627,'Quem se apaixona por si mesmo não tem rivais. ','FR','2017-03-13',NULL,'V','ca09c1308d97a78fe85082f48ac17224'),(628,'Não ame pela beleza, pois um dia ela acaba. Não ame por admiração, pois um dia você se decepciona. Ame apenas, pois o tempo nunca pode acabar com um amor sem explicação!','FR','2017-03-13',NULL,'V','c408a087deb725111d98a9c8cb13ccfc'),(629,'Distribua sorrisos, amor e palavras de ânimo. Tudo isso voltará para você!','FR','2017-03-13',NULL,'V','c7da5adf676aded413708c05f64d30d0'),(630,'Você nunca será bom o suficiente para todos, mas será perfeito para aquela pessoa que te merece. ','FR','2017-03-13',NULL,'V','961681ad86229a11c04e8da2aaa25ad8'),(631,'Acredite: o mundo dá voltas e as pessoas que antes te ignoravam, amanhã podem implorar por sua atenção. ','FR','2017-03-13',NULL,'V','93fa1cbb8ae1fde1ce8b2514ec737772'),(632,'Coragem é arriscar o passo e levar o sonho junto!','FR','2017-03-13',NULL,'V','85e6545bb7247b7b8cf4104d578e238e'),(633,'Não há ousadia maior que perdoar.','FR','2017-03-13',NULL,'V','9aabf459896d3ad5f08e5cdda7c65a76'),(634,'Os distraídos são os mais verdadeiros pois a falsidade exige muita concentração.','FR','2017-03-13',NULL,'V','8d1073deeb68371948ac036d3b59aebd'),(635,'O tempo revela tudo! As mentiras mais ocultas, as razões mais certas e os amigos mais falsos. ','FR','2017-03-13',NULL,'V','27fed6c9cec57a10a8599bc489ec8051'),(636,'Muita gente entra e sai em tua vida ao longo dos anos. Mas só os verdadeiros amigos deixam impressões em seu coração. ','FR','2017-03-13',NULL,'V','cb791fa9356eafe4aae0d5316bb143b1'),(637,'Às vezes você precisa ser o seu próprio super-herói. ','FR','2017-03-13',NULL,'V','4d1f579c2beab62c56da5c6aad405ec2'),(638,'O primeiro sorriso do meu dia aparece quando abro os olhos e me lembro de você. Bom dia, meu amor!','FR','2017-03-13',NULL,'V','2e5617ac9956d36de5884da509d33e78'),(639,'Algumas amizades passam rápido, num piscar de olhos, outras são feitas para durar até que você pisque pela última vez. ','FR','2017-03-13',NULL,'V','ac3533d4e03a01bbd337ff52c2b6dec2'),(640,'Enquanto algumas se acham, eu me encontro. ','FR','2017-03-13',NULL,'V','fa5b38758327f7f76c504f4cc1b4321b'),(641,'Que a pressa das horas e o cinza do dia não te faça perder o sorriso nem as cores que a felicidade te presenteou!','FR','2017-03-13',NULL,'V','4e629f013c765c5c3f102cdac0817b17'),(642,'Pense grande a respeito de si mesmo e o mundo achará que você é aquilo que pensa.','FR','2017-03-13',NULL,'V','7229c3b30aa4ce4ae3517fea68be6f0f'),(643,'Amigos são como o vento: às vezes perto, outras longe, mas eternos em nossos corações.','FR','2017-03-13',NULL,'V','732df17c16cc8675aad867ac32350efd'),(644,'Coloque nas mãos de Deus suas aflições e agradeça pelas suas vitórias.','FR','2017-03-13',NULL,'V','eab541e8d1ceb8cd125838090c9d92b5'),(645,'Que tudo siga em paz e se não for pedir demais, livrai-me do mal, amém. ','FR','2017-03-13',NULL,'V','ce5672c0d80c5c0bf314db3a7a3d7eb4'),(646,'Amar é verbo de ligação: ser, estar, ficar, permanecer. ','FR','2017-03-13',NULL,'V','4850ecf9da609f3eca1024986ae2e029'),(647,'Ser livre é ter um caso de amor com a própria vida.','FR','2017-03-13',NULL,'V','92e74a9017db9011594bba509cfe577f'),(648,'Não importa quantas palavras sagradas tenha lido ou tenha dito. De nada servirão se não agir de acordo com elas.','FR','2017-03-13',NULL,'V','74a0aa65c2f65d53e3fdd6183716f1c7'),(649,'As melhores coisas da vida são as pessoas que amamos, os lugares que conhecemos e as memórias que guardamos ao longo do caminho. ','FR','2017-03-13',NULL,'V','bd9d588ad9d6c8739d3824abcd323f39'),(650,'Bonito é ser feliz e acreditar que a sorte é você quem traz! ','FR','2017-03-13',NULL,'V','c7cc1adc5ec066a7e4ad5beed542e0fe'),(651,'Que o amor seja regra e jamais exceção! ','FR','2017-03-13',NULL,'V','c30e7d3afa814d75223a17ad9ea2a4ab'),(652,'Quando tudo isso chegar ao fim, você entenderá que nada foi por acaso. ','FR','2017-03-13',NULL,'V','64f57f4425d0cfe5a9670cff7ee6ba4c'),(653,'O abraço de um amigo é o lugar onde a gente vai pra dizer tudo que o mundo não consegue compreender. ','FR','2017-03-13',NULL,'V','f5aae7b710451e3cd414646c7eb69ccb'),(654,'Desejo a você um bom dia, com um bom sorriso, bom humor, um bom café e boa fé! ','FR','2017-03-13',NULL,'V','ad0eeff7b2fb6ad51082e3910533c1f5'),(655,'Se lhe faltar coragem que lhe sobre loucura. ','FR','2017-03-13',NULL,'V','f8aca49f5b22d8ab7a8bd7facce99008'),(656,'Quando quiser falar de mim, exagera, porque eu gosto de causar impacto. ','FR','2017-03-13',NULL,'V','7263d29e1f155ae6b8cdd34d6a047a8a'),(657,'Sua mente é como um jardim. Dê atenção as suas necessidades, pode o que lhe traz infelicidade e você florescerá bem. ','FR','2017-03-13',NULL,'V','c8b64878cc286dfa97673fd66735eed2'),(658,'Reclame menos, acredite mais nas possibilidades e no que é capaz. ','FR','2017-03-13',NULL,'V','002833f1e92eaf74a90fe3c620532c43'),(659,'O amor não tem cura, mas é o único remédio para todas as doenças. ','FR','2017-03-13',NULL,'V','fb2985a6f62db815ebf495aef1269828'),(660,'A única certeza que eu tenho é que todos os momentos são especiais se você estiver comigo. ','FR','2017-03-13',NULL,'V','a4600bbb6eb73679ca8251f719b236c4'),(661,'Receba o novo ano com alegria, faça as pazes com seu passado e olhe para o futuro com esperança. Feliz Ano Novo!','FR','2017-03-13',NULL,'V','7be3c4f5e339f8c2c902ae75b33076d7'),(662,'Comece um novo ano com muita alegria e leve do ano que passou apenas as boas lembranças. Feliz Ano Novo! ','FR','2017-03-13',NULL,'V','89a0bb1f5c9914263cfd99d3f4b09d0e'),(663,'Que nesta virada de ano seu coração se encha de gratidão e esperança, pois um novo ano vai começar, e certamente receberá ainda mais bênçãos de Deus. Feliz Ano Novo!','FR','2017-03-13',NULL,'V','748744a0cad0963dbe4090c38f2b3bdc'),(664,'No Ano Novo prometa menos e surpreenda mais!','FR','2017-03-13',NULL,'V','763a01433d61f848a1dcfa07d96131a7'),(665,'Não é o amor que sustenta o relacionamento, é o modo de se relacionar que sustenta o amor!','FR','2017-03-13',NULL,'V','e5c6442b2df3f41cb595ebbf65e9f2b9'),(666,'More no seu amor próprio pois é complicado morar de aluguel em corações alheios. ','FR','2017-03-13',NULL,'V','29819a41fe6b8b3a7472ef4205bbe637'),(667,'Deixe para trás tudo que não deu certo e abra caminho para um Ano Novo cheio de sucesso e novas conquistas! Feliz Ano Novo!','FR','2017-03-13',NULL,'V','bd82fe81a40eb7db37c088d1d0e2f9bb'),(668,'Que as escolhas sejam elegantes, que os momentos sejam marcantes e a vida seja ainda mais interessante. Feliz Ano Novo!','FR','2017-03-13',NULL,'V','fe2e4ef6aafd14b6f9598c1e32910c07'),(669,'Receba o Ano Novo com um sorriso e 2017 responderá com um sorriso ainda maior. Feliz Ano Novo!','FR','2017-03-13',NULL,'V','7bf5c777dac48ce73719b42afc97dac1'),(670,'A vida é uma festa: ou você se diverte, ou você dança.','FR','2017-03-13',NULL,'V','0bd02264362fd16b75a00df522b97036'),(671,'Ao seu lado descobri que entre o sonho e a realidade, existe um espaço chamado felicidade, e para que a minha felicidade se torne realidade, preciso estar ao seu lado. ','FR','2017-03-13',NULL,'V','e104e9acc3f9b3518b0d6d4f45690ab5'),(672,'Que o Ano Novo que se aproxima seja uma porta aberta para novos sonhos, renovações de fé e muita paz para o nosso mundo. Feliz 2017!','FR','2017-03-13',NULL,'V','e02725109016f68d11424fa1db868ded'),(673,'Amizade verdadeira é eterna e incondicional, representa o amor sem igual!','FR','2017-03-13',NULL,'V','e83e3668ddb1b684263099c6556d7e67'),(674,'Nada na vida fará você ser feliz até que você escolha ser feliz.','FR','2017-03-13',NULL,'V','81c7a8c77b0aa915909fd7fe4ff93335'),(675,'Natal é o nascimento de Cristo! Que o seu Natal seja brilhante de alegria e iluminado de amor. Feliz Natal! ','FR','2017-03-13',NULL,'V','3179c00d7e840f4296f1cd6f1cb10b84'),(676,'Que a magia do Natal transforme seus sonhos em realidade! ','FR','2017-03-13',NULL,'V','b2ba37912e8f5df214509db586567dbb'),(677,'Que nesta noite especial de Natal todos os seus sonhos se realizem, que Deus continue abençoando você e toda a sua família nos anos seguintes. Feliz Natal! ','FR','2017-03-13',NULL,'V','31c81a620e4dc2c4fbb56af235682683'),(678,'Algumas vezes na vida a única coisa de que precisamos é de alguns segundos de otimismo e de uma coragem insana para correr atrás daquilo que sonhamos!','FR','2017-03-13',NULL,'V','f74f392b323dde6634135511e809d668'),(679,'Natal é tempo de alegria, partilha e fraternidade. Que este clima seja a base para que possamos encontrar a felicidade e a paz. Feliz Natal! ','FR','2017-03-13',NULL,'V','0c24cb9f3f28a13f93ae90a64101a3ec'),(680,'O melhor sentimento do mundo é ver alguém sorrir e saber que você é o motivo.','FR','2017-03-13',NULL,'V','5255a7fdf69f345bb5f2ee5ba555c978'),(681,'Nada melhor do que derrubar com um sorriso, quem um dia te machucou com uma lágrima.','FR','2017-03-13',NULL,'V','0bcf205bcee15652b60b3b49583de46c'),(682,'Que a paz e a compreensão reinem em nossos corações neste Natal e no Ano Novo que se aproxima. Boas Festas! ','FR','2017-03-13',NULL,'V','038a418fd235701958f1557643a21b10'),(683,'Não tenha medo da mudança. Coisas boas se vão para que outras melhores possam vir.','FR','2017-03-13',NULL,'V','d26cef312b43b2ae86d47486d7e98365'),(684,'Sonhar é a melhor parte da realidade.','FR','2017-03-13',NULL,'V','3f96b92db0ac709d497097c7b4241939'),(685,'Que as realizações alcançadas neste ano, sejam apenas sementes plantadas que serão colhidas com maior sucesso no ano que está por vir. Feliz Natal e boas festas!','FR','2017-03-13',NULL,'V','9c181237ea1800c63214fd5f2432cdbc'),(686,'Não sou melhor que ninguém, mas procuro ser melhor que eu mesmo a cada dia.','FR','2017-03-13',NULL,'V','9de0c76e9ce266ec9c7e4cc231580fe2'),(687,'Aprenda como se fosse viver para sempre, viva como se fosse morrer amanhã. ','FR','2017-03-13',NULL,'V','1cd64117941487492ea736086b6a5375'),(688,'Uma das formas mais infalíveis de mudança é a reflexão.','FR','2017-03-13',NULL,'V','c290637dd613840eb45994e423dae6ba'),(689,'Algumas pessoas fazem a sua risada um pouco mais alta, seu sorriso um pouco mais brilhante e a sua vida um pouco melhor. ','FR','2017-03-13',NULL,'V','23c3ebfba4947ec30143b79b14438ef2'),(690,'Que o seu HoHoHo seja repleto de HaHaHa. ','FR','2017-03-13',NULL,'V','f3580da73eca14be52c698a22dfab57c'),(691,'Ninguém derruba a quem Deus levanta. Ninguém derrota a quem Deus protege. Ninguém amaldiçoa a quem Deus decide abençoar.','FR','2017-03-13',NULL,'V','b44368a948bba8b4fd0b8d134a60d430'),(692,'Fofa é a sua almofada, eu sou incrível. ','FR','2017-03-13',NULL,'V','d6bc145c188eeae441c8a3495046188e'),(693,'Se você não fizer, outro faz. Se você não cuidar, outro cuida. A vida é pra quem tem atitude.','FR','2017-03-13',NULL,'V','5a124e7518be10db9851ae56f53ae674'),(694,'Seja forte o suficiente para abrir mão do que não lhe serve mais e paciente o suficiente para esperar por aquilo que for do seu merecimento. ','FR','2017-03-13',NULL,'V','a06580041c13e5accb05148f7b71dbea'),(695,'As estrelas são um sinal divino de que não devemos temer a escuridão. ','FR','2017-03-13',NULL,'V','e5c9d1d9d0a9414a6022ac170f60d956'),(696,'Pessoas mentem, mas a energia delas, não. ','FR','2017-03-13',NULL,'V','e2dd036ecfd3a593fd57fe41ba3863d2'),(697,'Se você nasceu em um mundo onde você não se encaixa, é porque você nasceu para ajudar a criar um novo mundo. ','FR','2017-03-13',NULL,'V','c5b8521ddf0c102d4b110a78e91548d2'),(698,'Quando não é pra ser, o universo também conspira, mas é pra te proteger. ','FR','2017-03-13',NULL,'V','11c4c2e8a99e9985d040e050d36ab6c8'),(699,'O corpo alcança o que a mente acredita. ','FR','2017-03-13',NULL,'V','8828f1d8ab8bec46f4b1bc6436e0022f'),(700,'Bonito mesmo é essa coisa que dá na gente de acreditar que cada dia pode ser melhor! ','FR','2017-03-13',NULL,'V','72869135174610cf388ed02a43907fc6'),(701,'A única pessoa que você está destinado a se tornar é quem você decidir ser. ','FR','2017-03-13',NULL,'V','fa9638ae7a5b99c25859f9dd4fe85b13'),(702,'Fuja dos três acidentes geométricos da vida: círculos viciosos, triângulos amorosos e bestas quadradas. ','FR','2017-03-13',NULL,'V','e2d9d8ab927e0c537e6caebd359a7c22'),(703,'Que a vida me traga coisas boas, mas sobretudo, que Deus me dê uma alma que nunca perde a fé! ','FR','2017-03-13',NULL,'V','0dccf9dab848a4297b2e794cc0080126'),(704,'Bons pensamentos atraem acontecimentos magníficos.','FR','2017-03-13',NULL,'V','4ccb9d9d43bc50dc6d4609ebc6372103'),(705,'É a sua fé que te faz seguir. É o seu amor próprio que te fará acreditar. É o dia após o outro que te trará todas as respostas e certezas.','FR','2017-03-13',NULL,'V','bad2be9c273d793e4ead685f97dd8636'),(706,'A gratidão é a palavra chave para tudo acontecer.','FR','2017-03-13',NULL,'V','691b42b5b36a7e16c05fc1c3a49757b6'),(707,'A melhor maneira de cuidar do futuro é cuidar do momento presente.','FR','2017-03-13',NULL,'V','1bfb279813ed61f984a6b614d0fcf4cc'),(708,'Seu amor próprio é quem define o quanto você se permite ser feliz. ','FR','2017-03-13',NULL,'V','7c6944c7ff761c9cfeee8da1094723c2'),(709,'Que os nossos dias sejam abençoados, os nossos sorrisos infinitos e a nossa fé invencível. ','FR','2017-03-13',NULL,'V','d7b4a92ac5e3ecc90b352eae04902614'),(710,'Sorrir, ser leve. Dar valor as coisas mais simples, seguir com a alma serena, coração sem pesos e a mente tranquila. Passos com fé trazem muito mais força e alegria.','FR','2017-03-13',NULL,'V','bd175aaac5c590bca4a9abc877ad378e'),(711,'Tudo é uma questão de ponto de vista: pra formiga, gota de chuva é tsunami.','FR','2017-03-13',NULL,'V','cf1bf7b3f40cfadb26d7807a39df3cd8'),(712,'O melhor pedido de desculpa é a mudança de comportamento. ','FR','2017-03-13',NULL,'V','f590da826ee99923962d467922045ec1'),(713,'A vida é uma despedida constante do que somos agora para o que vamos ser adiante.','FR','2017-03-13',NULL,'V','7c969912edbe41b3e2bb5000adf5f89c'),(714,'O segredo é um só: acreditar que tudo vai dar certo, porque vai! ','FR','2017-03-13',NULL,'V','5c3858e9547af73300ade21612693e2f'),(715,'Um bom abraço substitui qualquer palavra, pois, em silêncio conseguimos escutar os corações se declarando. ','FR','2017-03-13',NULL,'V','3f8da87b54f2766c821a5ed051bd2ee3'),(716,'O poder só sobe à cabeça quando encontra o local vazio.','FR','2017-03-13',NULL,'V','b5442dbffc7f8ffdd77c61fc889966d5'),(717,'O tempo dissolve o desnecessário e preserva o essencial. ','FR','2017-03-13',NULL,'V','060b52b9a96f9d9791c37d5588380da6'),(718,'E que a gente se encante cada vez mais pela simplicidade e pelo que é de verdade.','FR','2017-03-13',NULL,'V','50c92ff980a5595930de100ba5f9a5c0'),(719,'Nada do que vivemos tem sentido se não tocarmos o coração das pessoas.','FR','2017-03-13',NULL,'V','db1a31eb92b8057068935f94a69c13d8'),(720,'Deus nos concede, a cada dia, uma página de vida nova no livro do tempo. Aquilo que colocarmos nela, corre por nossa conta. ','FR','2017-03-13',NULL,'V','92fbc91dd7453f2de1e5f1b0c75570e3'),(721,'A felicidade deveria ser assim mesmo, sem data, sem encomenda, medo de existir. Os dias mais felizes são aqueles com menos planos na agenda.','FR','2017-03-13',NULL,'V','9d3e43f5dfaba56927f59dacdd58ceb1'),(722,'O silêncio de um abraço apertado às vezes supera qualquer tentativa de dizer o quanto é grande um sentimento.','FR','2017-03-13',NULL,'V','86b8acc5078bccff602e281f5edb0ba7'),(723,'A palavra mais bonita que eu já disse sobre o amor foi seu nome.','FR','2017-03-13',NULL,'V','d911a3bc41e5ed95d3ef03120de517be'),(724,'Reclamar é um sinal de fraqueza: aceite as circunstâncias ou faça algo para muda-las.','FR','2017-03-13',NULL,'V','875a056db015e68d90cb35391bcc1da6'),(725,'Se esforce sempre mais, porque o bom pode ser ainda melhor. ','FR','2017-03-13',NULL,'V','ed901b5131ca418f97987de6acca3f7d'),(726,'Ter desafios é o que faz a vida interessante e superá-los é o que o faz a vida ter sentido. ','FR','2017-03-13',NULL,'V','145e9d9957cb64cc79dba726a937c20b'),(727,'Quem caminha sozinho pode até chegar mais rápido, mas aquele que vai acompanhado, com certeza vai mais longe.','FR','2017-03-13',NULL,'V','848359e68cdddefaab5f0866e68ec4cc'),(728,'Há momentos em que tudo o que a gente precisa é dar colo para o próprio coração. ','FR','2017-03-13',NULL,'V','291ba0706cd20545bd1d812577e9efad'),(729,'O futuro pertence àqueles que acreditam na beleza de seus sonhos. ','FR','2017-03-13',NULL,'V','e567464e8898e96796a70b6eff5cbda7'),(730,'Se você espalhar coisas boas por onde passar, a vida se encarrega de trazer outras melhores ainda! ','FR','2017-03-13',NULL,'V','f58ce7001c2ec0a629b55ec53a42968e'),(731,'O otimismo é o imã da felicidade. Se você ficar positivo, coisas boas e boas pessoas serão atraídas para você. ','FR','2017-03-13',NULL,'V','7e8f12095d50a1592847cdb9e399ccfc'),(732,'Troque suas folhas, mas não perca suas raízes. Mude suas opiniões, mas não perca seus princípios.','FR','2017-03-13',NULL,'V','7a82050f7349647562cd1f6027b39738'),(733,'Quando não há mais para onde correr é que se aprende a voar. ','FR','2017-03-13',NULL,'V','40783ad42396094a044fe67dec09800a'),(734,'Não tenha medo de mudar. Recomeçar é sempre bom! ','FR','2017-03-13',NULL,'V','708b008d57ac43b647441cdde2eee6e8'),(735,'A falta de coragem causa perda de momentos incríveis! ','FR','2017-03-13',NULL,'V','e98b98d333157c0371a7f35701de72c5'),(736,'Quem sabe o que planta não teme a colheita. ','FR','2017-03-13',NULL,'V','cb309456af20e2dbc1502f9ed8d5cade'),(737,'Lagarta que não sai do casulo não vira borboleta!','FR','2017-03-13',NULL,'V','746159524b28dda659e2f1492bbc7a8e'),(738,'A mente é como um paraquedas: só funciona se estiver aberta. ','FR','2017-03-13',NULL,'V','a31766fc8e55280ba1902181a60b514d'),(739,'Ignorar é a forma mais elegante de se defender da maldade. ','FR','2017-03-13',NULL,'V','bf4de44a73b145706a55dbaf5e73644c'),(740,'Um brinde ao amanhecer e a todas as outras formas de dar a volta por cima, por baixo, não importa, desde que hoje seja melhor que ontem.','FR','2017-03-13',NULL,'V','991d10ff5cc79d687a17dc5ba90c2fa4'),(741,'Humildade é coisa de gente rica de espírito.','FR','2017-03-13',NULL,'V','9d3fcd59e2b8ecfd37f3998e1a589122'),(742,'Às vezes não conseguir o que você quer é uma tremenda sorte.','FR','2017-03-13',NULL,'V','51b7767bd6b6afe325b4404175634d38'),(743,'Nada é tão contagioso como o exemplo! ','FR','2017-03-13',NULL,'V','bfb4f0e289d158733ce4049f077c0855'),(744,'As pessoas falam mal de você por trás porque sabem que você estará sempre à frente delas. ','FR','2017-03-13',NULL,'V','39a107c09770f67ebf235715a34f0ee3'),(745,'Tudo que precisamos é de um amor e um cachorro. ','FR','2017-03-13',NULL,'V','a6cbf07786047864df0b7141bcbb9340'),(746,'Tome cuidado com o vazio de uma vida ocupada demais. ','FR','2017-03-13',NULL,'V','19a9dc4a65b2d5456aa8a2c9b24b54a6'),(747,'Que a nossa meta seja sempre ser feliz pra caramba e que a nossa mania seja sempre multiplicar a meta. ','FR','2017-03-13',NULL,'V','1cb453005729ba6342c18538be2d12e1'),(748,'A vida te dá surpresas e as surpresas te dão vida. ','FR','2017-03-13',NULL,'V','e45e185c18efa8f8a200a3b1aa1e93cb'),(749,'Que nenhum sentimento ruim consiga alcançar a nossa felicidade.','FR','2017-03-13',NULL,'V','b9ebd4fc366998ccf493e0eed78aa509'),(750,'Seja seletivo em suas batalhas. Algumas vezes a paz vale mais do que estar certo. ','FR','2017-03-13',NULL,'V','8e33bac5fadf0493b690d7ab2cb8e407'),(751,'Alimente, todos os dias, a sua vontade de ser feliz. ','FR','2017-03-13',NULL,'V','8004bce5302537a8a86e19fd849769f2'),(752,'Num mundo cinza, use suas cores vibrantes para pintar o amor. ','FR','2017-03-13',NULL,'V','0c161628394ca48f37131e3d9a080d67'),(753,'Só podemos oferecer coisas boas se tivermos coisas boas para oferecer. ','FR','2017-03-13',NULL,'V','ed39114e9d56dc2731eaecc689d097b1'),(754,'Faça coisas boas acontecerem! ','FR','2017-03-13',NULL,'V','1f87d78acb88274aba8acba9e041d3da'),(755,'Quando esticamos um pouco mais o sorriso, os problemas encolhem. ','FR','2017-03-13',NULL,'V','692e22cb18a857509feef88e78d96eec'),(756,'A vida fica mais bela quando escolhemos florir em vez de ferir. ','FR','2017-03-13',NULL,'V','7b80c93e7779efa3e842e577b668b6a2'),(757,'Não tenha medo de deixar pra trás o que não te faz falta. ','FR','2017-03-13',NULL,'V','1c89838f66af075b4b410102586f5224'),(758,'Não há beleza que substitua o charme de carregar com classe as suas imperfeições. ','FR','2017-03-13',NULL,'V','671eb300c1dea1b210ec76e30e0c8482'),(759,'Não guarde rancor, guarde dinheiro para viajar! ','FR','2017-03-13',NULL,'V','5a44091099f09bff1e442cfaa973a3a8'),(760,'Sonhar é perder o chão para ganhar o céu. ','FR','2017-03-13',NULL,'V','891b2889b66bfd420c9105152fde8adb'),(761,'Para quem não tem sonhos, até o céu é uma prisão.','FR','2017-03-13',NULL,'V','712d9a689eb62c73c738e05fb6f44f78'),(762,'O que é o tempo senão uma forma de dar precisão à saudade.','FR','2017-03-13',NULL,'V','5aa1471c1f3635760d3262bf007c767d'),(763,'Felicidade é uma escolha diária.','FR','2017-03-13',NULL,'V','6cb9f60831b9611ee5f3f9477e35211b'),(764,'Entre as verdades já ditas, o sorriso é a mais bonita.','FR','2017-03-13',NULL,'V','673a56438e0540ca7753676d09724fc3'),(765,'Tudo o que um sonho precisa para ser realizado é alguém que acredite que ele possa ser realizado.','FR','2017-03-13',NULL,'V','63042e58b8cd1ff94aa527e648466d95'),(766,'Ciclo da vida: tentar, cair, levantar, recomeçar. Nunca desistir.','FR','2017-03-13',NULL,'V','fd4b6fc602ffcd5fe6a8a4bd84294895'),(767,'A felicidade está exatamente onde não costumamos procurar.','FR','2017-03-13',NULL,'V','d66e31448864b3a4e18d421ce4e922f2'),(768,'Regra básica da vida: na volta, a descida vira subida. ','FR','2017-03-13',NULL,'V','e24e92c883208779d01d960640316ea0'),(769,'Quando há medo de ir embora, é porque ainda vale a pena ficar. ','FR','2017-03-13',NULL,'V','c5e4f909e9324cb0349ba04748bd2f35'),(770,'Talvez amadurecer seja entender que perder e sofrer te fazem crescer. Muitas vezes, perder também é uma forma de ganhar.','FR','2017-03-13',NULL,'V','99a59603062547547b637fcff5ec421d'),(772,'Uma grande jornada sempre começa com um pequeno passo.','FR','2017-03-13',NULL,'V','e03e63e020ef81f5287a5417c107eb8a'),(773,'Não deixe as pessoas te colocarem na tempestade delas, coloque-as na sua paz.','FR','2017-03-13',NULL,'V','14617dd2c05e24521aef599d7e097f94'),(774,'Brilhe, ainda que haja escuridão.','FR','2017-03-13',NULL,'V','8d0eb09f8065bb7305774d61c105f753'),(775,'Lembrança boa é assim mesmo, um sorriso no começo e uma saudade no fim. ','FR','2017-03-13',NULL,'V','e5376883c587af4f92f763e71141e376'),(776,'Ame a vida e os bons amigos, pois a vida é curta e os bons amigos são poucos. ','FR','2017-03-13',NULL,'V','af5cfb0def325f400909c13ba79acf72'),(777,'Aparência é detalhe, caráter é fundamental, amor é necessário.','FR','2017-03-13',NULL,'V','a5f21dcb35367fd7665faf69217fd7bb'),(778,'As lembranças a gente guarda, os sorrisos o vento leva e a tristeza a gente supera.','FR','2017-03-13',NULL,'V','ce4f3cbfb8d36cf80c995b75fcff171a'),(779,'Quando você pensar em reclamar da vida, agradeça. Siga na contramão. Agindo assim, misteriosamente, de alguma forma, coisas boas acontecem. ','FR','2017-03-13',NULL,'V','f1b30ecd96c10b92aa6586b6ec43fa4f'),(780,'Da vida eu só espero rir dos tombos, aprender com os erros e continuar acreditando que no final tudo vai dar certo. ','FR','2017-03-13',NULL,'V','f92ee98286cd5edf9a47117e72922273'),(781,'Viva por momentos que não se pode descrever! ','FR','2017-03-13',NULL,'V','815529f3e6a078195bd7d29766aaa3eb'),(782,'Às vezes tudo dá errado, e então acontecem coisas maravilhosas que jamais teriam acontecido se tudo tivesse dado certo. ','FR','2017-03-13',NULL,'V','a76a491bb7e6d076a33d96073f60b9f8'),(783,'Coisas boas sempre surgem quando as ruins vão embora.','FR','2017-03-13',NULL,'V','4176eb39a14d2558667b1fb20b99072c'),(784,'O propósito da vida é seguir a felicidade de propósito. ','FR','2017-03-13',NULL,'V','01e674472569ab7f1bd18da728eee7e2'),(785,'A vida se torna uma jornada melhor quando encontramos pessoas tão loucas quanto nós.','FR','2017-03-13',NULL,'V','f01656e47471413ff711a2e17b91ea6d'),(786,'Aprecie a vida como ela é. ','FR','2017-03-13',NULL,'V','b00dcbab51bd3789bb608badadf34555'),(787,'Seus sonhos não precisam de plateia, eles só precisam de você.','FR','2017-03-13',NULL,'V','395377e7cfdc3a1a4070f867f2fbdf30'),(788,'Sozinho a gente até consegue, mas juntinho a gente vai melhor.','FR','2017-03-13',NULL,'V','cf5bd06195f8fd06fef59373fefae97b'),(789,'Cerque-se de pessoas leves, com palavras simples que te tiram o chão. ','FR','2017-03-13',NULL,'V','898763162fccf665351386e6d67addda'),(790,'Acredite nas decisões que você toma! ','FR','2017-03-13',NULL,'V','effe249dd8c818cde9f82a2bd73cb39d'),(791,'Ter um coração do bem não é fraqueza, é coragem.','FR','2017-03-13',NULL,'V','c3b3afb4b58e7392353514c99e64a041'),(792,'Não existe elevador para o sucesso, você precisa subir todos os degraus da escada.','FR','2017-03-13',NULL,'V','66015c60207f0fd9f2d85036d40f2764'),(793,'Nunca desista das coisas que fazem você sorrir.','FR','2017-03-13',NULL,'V','c96862d8664e57006a439628e5ccb29d'),(794,'Coisas lindas estão por vir!','FR','2017-03-13',NULL,'V','7a303ab884e1a6cd073d2ffde569cb5a'),(795,'O amor sempre vencerá.','FR','2017-03-13',NULL,'V','f6f133a81d25fd969d3c38e830235024'),(796,'Você é responsável pelo seu sucesso, tenha fé na sua energia!','FR','2017-03-13',NULL,'V','c34bf4a80deca8e5f65ebcc4b6ba923c'),(797,'Quem gosta de você de verdade vai ficar ao seu lado, independente de tudo.','FR','2017-03-13',NULL,'V','82a06426446e4a29f7b8e44fab2b6f46'),(798,'Nunca acreditei nessa historia de destino, mas existem momentos que são perfeitos demais para serem considerados acaso.','FR','2017-03-13',NULL,'V','0e656d298fbd238c1f16260443a06219'),(799,'Não tenha medo da mudança. Ela assusta, mas pode ser a chave daquela porta que você tanto deseja abrir. ','FR','2017-03-13',NULL,'V','06066b3560896559d93ba25ef51d15c7'),(800,'O amor é mesmo maluco... Ele vem quando estamos distraídos e chega quando menos precisamos dele, para nos mostrar o quanto somos mais felizes juntos com alguém.','FR','2017-03-13',NULL,'V','cbb915d22a9ed59f4e5ffab3b7b6f6f3'),(801,'Quando Deus abre uma porta, ninguém pode fechar. ','FR','2017-03-13',NULL,'V','f0546a9e82cad416b0b2c77671f16424'),(802,'Apaixone-se por si mesmo quantas vezes for necessário.','FR','2017-03-13',NULL,'V','dafe3c63772cc83260e50421da021e08'),(803,'Calma, o tempo é especialista em reviravoltas.','FR','2017-03-13',NULL,'V','01ab9247c8bbb113035b2ab8bba06a2e'),(804,'Mar calmo não faz bom marinheiro.','FR','2017-03-13',NULL,'V','f19fb834294e7b7e6e2215e8fdb4cdf3'),(805,'E seja sempre como Deus quiser. ','FR','2017-03-13',NULL,'V','ce4bfd6663d537736e5076812ca73e43'),(806,'Se você tiver força de vontade na mesma intensidade que sonha, poderá ganhar o mundo.','FR','2017-03-13',NULL,'V','1459101e24ff34792d6ee6faddfdf132'),(807,'Reciprocidade faz qualquer amor dar certo.','FR','2017-03-13',NULL,'V','8dcc413ccd919a4267d55b0120127b84'),(808,'Que o ontem me sirva de experiência e o amanhã me sirva de esperança. ','FR','2017-03-13',NULL,'V','57d9bbc9b41e16d5b6b567035309627f'),(809,'Saudade não traz ninguém de volta, mas atitudes sim.','FR','2017-03-13',NULL,'V','4c47c3e0ec1bd44b77fdd9c6622ad460'),(810,'Dias melhores virão, nem pense em desistir. ','FR','2017-03-13',NULL,'V','dfb1762786bbf1243591eef3ee234e88'),(811,' A felicidade é como uma borboleta: quanto mais você corre atrás dela, mais ela foge. Um dia você se distrai e ela pousa em seu ombro.','FR','2017-03-13',NULL,'V','9b8bca940fe5c529edaccca5186e9a20'),(812,'Não queira apressar as coisas. Tudo acontece exatamente quando deve acontecer.','FR','2017-03-13',NULL,'V','b9ef0dae6a36c47075e9e4eaf4a87d72'),(813,'Não existe amor impossível, apenas pessoas incapazes de lutar por aquilo que chamam de amor.','FR','2017-03-13',NULL,'V','07272f9bdef8fc1f71d7f18800160a02'),(814,'É que as vezes, sem querer, a gente esbarra em alguém que vale a pena. ','FR','2017-03-13',NULL,'V','6a8558008094318b5ee15971df1059c7'),(815,'A verdadeira coragem é ser honesto consigo mesmo.','FR','2017-03-13',NULL,'V','95ce1fad5beb5193bb2e65fa3bdf3a3e'),(816,'Muito mais do que você perdeu é o que Deus tem preparado para você.','FR','2017-03-13',NULL,'V','56ad7a1e5f68b60be87017b1be104398'),(817,'A gente sempre cresce quando agradece.','FR','2017-03-13',NULL,'V','02c2ea0f6e9d297817b316dd9bc2fc89'),(818,'O amor não é um caminho que te traz de volta para casa, o amor é a casa.','FR','2017-03-13',NULL,'V','acc4010f340bfb84d1290d7b40dd169a'),(819,'Encantos impressionam a vista, mas o mérito ganha o coração.','FR','2017-03-13',NULL,'V','731c0e1cb64fff87e760fdf7eeaf5141'),(820,'Sorte mesmo é olhar para o lado e perceber que o olho do outro brilha olhando exatamente para a mesma direção que você.','FR','2017-03-13',NULL,'V','c82351e2d9eb8696f8930bf60882c63f'),(821,'A ousadia é uma condição especial da nossa felicidade.','FR','2017-03-13',NULL,'V','0b4b9a774001cb240e2f4c6eceecba20'),(822,'Algumas músicas são como máquinas do tempo.','FR','2017-03-13',NULL,'V','8a2fe2e4e247e28b9c0dcf200b7d9b68'),(823,'Seja o vento que espalha a mudança.','FR','2017-03-13',NULL,'V','f0ce8c200dbbd32f05263216d1044655'),(824,'Esperança é a criança de sorriso mais puro. ','FR','2017-03-13',NULL,'V','f8280e58a6ba6307fc29f832245d9ad5'),(825,'Eu quero o sossego que só o aconchego do seu colo tem. ','FR','2017-03-13',NULL,'V','e4772ede90a4947fb3e9c3fd6570592e'),(826,'Que nosso amor seja louco e nunca pouco.','FR','2017-03-13',NULL,'V','b0096ff794c10f117b2ed5c7250c792c'),(827,'Não chore por quem te odeia, lute por quem te quer feliz.','FR','2017-03-13',NULL,'V','35ab4da2e2f752d139232b014b545929'),(828,'Gosto das pessoas simples, que falam pouco e acabam dizendo tudo.','FR','2017-03-13',NULL,'V','30d5a14197b07a2506e47231ddb49b9f'),(829,'A beleza mais importante é aquela que não se pode ver. ','FR','2017-03-13',NULL,'V','d90d9694cbae3db01358fdc644ed7d8f'),(830,'Eu sempre soube que era você.','FR','2017-03-13',NULL,'V','b20d1429f8ee9c85746f14cc6bad547c'),(831,'Me magoe com a pior verdade, mas não me iluda com a melhor mentira.','FR','2017-03-13',NULL,'V','d54db8b9c53456c86bc924a37c5f7af2'),(832,'Boas amizades não acabam por pequenos motivos. ','FR','2017-03-13',NULL,'V','92be6f74e07dee51d0f9bab6f5945044'),(833,'Você recebe de volta a energia que emana, pense nas coisas dando certo, nas pessoas à sua volta sendo felizes, aceite mais.','FR','2017-03-13',NULL,'V','bae5c2130c608a5d39e43038232309ef'),(834,'Construa sua paz esquecendo seu ódio.','FR','2017-03-13',NULL,'V','90c48e0358f8d4127389b8952f3f68d5'),(835,'Decisões são assim, ou você arrisca ou você se conforma. ','FR','2017-03-13',NULL,'V','8b70d2b03d30d09d32345d3d58b764f4'),(836,'Escolhas erradas também levam a lugares certos.','FR','2017-03-13',NULL,'V','d0b809b9a5493a4b6c1ddd299b318aca'),(837,'Casal bonito é aquele que briga por tudo e não se separa por nada. ','FR','2017-03-13',NULL,'V','7384f7f1b228ea8d57543ebcf941a52b'),(838,'Senhor, me faça forte pra poder continuar, não me deixe fraquejar. Me guie onde eu for, me livre do perigo, do meu caminho afaste o inimigo.','FR','2017-03-13',NULL,'V','db0f525abe750cfa05406789c671eebe'),(839,'Ah, se eu pudesse abrir a minha cabeça, colocar tudo para fora. E arrumar tudo direitinho como quem arruma uma gaveta.','FR','2017-03-13',NULL,'V','8fd8099e302ae3361709ba96aa69ef11'),(840,'Não tem nada melhor do que aquelas pessoas que conseguem completar o seu dia com um simples sorriso. ','FR','2017-03-13',NULL,'V','d9a9992323a54984bff0a0e7aa8fce28'),(841,'São através dos erros e tombos, que nos tornamos pessoas melhores.','FR','2017-03-13',NULL,'V','4ee2f626a2ad9836e5d183d32a52fd38'),(842,'Se o malandro soubesse como é bom ser honesto, seria honesto só por malandragem.','FR','2017-03-13',NULL,'V','49f597092e19a787c7995a271a1af129'),(843,'A família é o amor de Deus nos oferecendo um pouquinho do céu aqui na Terra.','FR','2017-03-13',NULL,'V','5fd3424bd30774850eed591f1f9689bc'),(844,'Chique mesmo é honrar a sua palavra, ser grato a quem o ajuda, correto com quem se relaciona e honesto nos seus negócios.','FR','2017-03-13',NULL,'V','a13d098d358f57d4d0185f6eb323ec16'),(845,'Se para vencer estiver em jogo sua honestidade, então perca. Assim será sempre um vencedor.','FR','2017-03-13',NULL,'V','3154b0b960838bae9c7286105cf0ca1c'),(846,'Quer acabar com a corrupção? Seja honesto!','FR','2017-03-13',NULL,'V','f8ad1db9cbf38c7a6f5140208535c8e5'),(847,'Amor, afeto e outros bons sentimentos não devem servir de moeda de troca. O que não é dado gratuitamente, não vale a pena ter.','FR','2017-03-13',NULL,'V','b18e5cb1c5831b6466df52b4d41b6f6e'),(848,'Que os teus olhos possam enxergar sempre o belo que existe em teu próximo.','FR','2017-03-13',NULL,'V','ac4b5861a2ec88e542ed44551d879513'),(849,'Mais importante que correr atrás de um sonho é nunca desistir dele.','FR','2017-03-13',NULL,'V','faa52ad4886c88550a17373fbd2e7044'),(850,'Seja uma boa pessoa, mas não perca seu tempo provando isso.','FR','2017-03-13',NULL,'V','35ce1f8d8d27dbbac10eec46081cc4d0'),(851,'Você nunca saberá se nunca tentar!','FR','2017-03-13',NULL,'V','d58a972b1197b3b226887edfabed138f'),(852,'Menos carão, mais carinho.','FR','2017-03-13',NULL,'V','294ae7c543c0e069e3a92dd37997d93a'),(853,'Que hoje nada e nem ninguém estrague seu dia. Bom dia!','FR','2017-03-13',NULL,'V','3c7b1b124567e729bbf95d216fc2117b'),(854,'Não importa o que as pessoas pensam, se você acredita que vale a pena, lute por isso.','FR','2017-03-13',NULL,'V','c229105d7374e74ae87ef86a588b2d3b'),(855,'Não é porque o céu está nublado que as estrelas morreram.','FR','2017-03-13',NULL,'V','d3f91113b32d201e35eee7feff567a46'),(856,'8 regras para uma vida melhor: nunca odeie, não se preocupe, tenha uma vida simples, crie poucas expectativas, doe muito de você, sempre sorria, viva com amor e acima de tudo... esteja com Deus.','FR','2017-03-13',NULL,'V','be3fdba2d565de16b1bd3cf7a5c7085b'),(857,'O único item de valor na vida é o tempo que você passa com quem ama.','FR','2017-03-13',NULL,'V','47e00797cf1b26b5ae1ca7e20b4e1320'),(858,'Hoje é o dia certo para amar, acreditar, fazer e principalmente viver.','FR','2017-03-13',NULL,'V','cbb4886c84f6b8e8b21427e6379661b2'),(859,'Que eu esbarre com pessoas que me criem admiração pelo mundo interno que as habitam, e, entre beijos de amor ou abraços de amizade, encontre pessoas sinceras, puras, mas, principalmente, vivas e inteiras no momento em que realmente vivem. Como dizem por aí: pessoas de verdade.','FR','2017-03-13',NULL,'V','3475c2fe7ffed7d93640977320a37628'),(860,'Um mundo melhor é construído com o equilíbrio entre a verdade e o respeito.','FR','2017-03-13',NULL,'V','291826bd1b2bc9fb6847d6188b03734e'),(861,'Concentre toda sua energia naquilo que você mais acredita e deseja!','FR','2017-03-13',NULL,'V','5f5c83a3bd4a0c57640c7549bcbef4aa'),(862,'Deixe ir. É melhor uns meses de coração partido do que uma vida inteira de decepções diárias.','FR','2017-03-13',NULL,'V','1e1ffa5c5e28a3e05101084c44fb35d6'),(863,'Quem quer de verdade, acha um caminho. Quem diz querer, acha uma desculpa.','FR','2017-03-13',NULL,'V','1b1f70827102bd9b0039668987b0f8ee'),(864,'Coisas negativas não chegam até mim, Deus é meu escudo.','FR','2017-03-13',NULL,'V','eee0227cd35ed024c9aadaf529e3fc3d'),(865,'A distância entre sonhar e realizar, é a vontade de chegar lá.','FR','2017-03-13',NULL,'V','c97b62e14d29308a2bb5dd585e07e058'),(866,'O que importa mesmo não é o que você faz pra transformar a noite em dia, mas sim o que você vê além da escuridão.','FR','2017-03-13',NULL,'V','5bd305ed88d62bd2da1d97250809b588'),(867,'Todas as pessoas que você conhece estão enfrentando batalhas que você não sabe nada a respeito. Seja gentil. Sempre.','FR','2017-03-13',NULL,'V','bc0c4982921b0aebeb3d2667584687e9'),(868,'O melhor da vida é de graça.','FR','2017-03-13',NULL,'V','4572d9451c56e51208c64ef9187735e7'),(869,'É nas pequenas batalhas que nos tornamos mais fortes.','FR','2017-03-13',NULL,'V','5944e993c9cc86e6b85033e829e25861'),(870,'Transforme seus sonhos em um destino e vá!','FR','2017-03-13',NULL,'V','385c4b708c3c2cb4860075f7c06d3763'),(871,'Deus me ensinou que silêncio também é resposta.','FR','2017-03-13',NULL,'V','4f765ffa98780bddcb30ff8695213eb1'),(872,'Valorize cada momento como se fosse o mais especial da sua vida!','FR','2017-03-13',NULL,'V','86519bd5605c808fdf00a947225cde11'),(873,'Sempre haverá outra chance, outro emprego, outra amizade, outro amor, mas nunca outra vida. Então, não desperdice seu tempo!','FR','2017-03-13',NULL,'V','0a8f7c869440580df30eb87bc9d13967'),(874,'Seja a pessoa que seu cachorro acha que você é.','FR','2017-03-13',NULL,'V','440378fc3920873074936fb83c644a27'),(875,'Às vezes Deus te leva pelo caminho mais longo, não para punir, mas sim para te preparar.','FR','2017-03-13',NULL,'V','723bbfad67ce36070cf7187b83224b66'),(876,'Está na hora de seguir em frente e deixar o passado no lugar dele.','FR','2017-03-13',NULL,'V','6322d619ba38d10b33badc8e3efb1361'),(877,'Que o amor, a cumplicidade, a paz e a felicidade sejam os principais ingredientes dessa jornada que está apenas começando. Feliz Dia dos Namorados!','FR','2017-03-13',NULL,'V','d8882728eb62b37bf3afa1aebeef5a76'),(878,'Os únicos limites de sua mente são aqueles que você acredita ter.','FR','2017-03-13',NULL,'V','821e5fb12f68b1bd5989dcf310f9d47e'),(879,'Que toda espera acabe num sorriso.','FR','2017-03-13',NULL,'V','f24a122c8b4502312da7dd4cde6180e8'),(880,'Pra não virar passado, tem que estar presente.','FR','2017-03-13',NULL,'V','1221f5329b9c39d2eae30c1e521c1a8c'),(881,'Se eu tiver você, o resto é só detalhe.','FR','2017-03-13',NULL,'V','490b95164f8fdd81e47b907b86ba097e'),(882,'Não espere esperando. Espere vivendo.  ','FR','2017-03-13',NULL,'V','3de9a7337434ec5e6cb6ad23d0109939'),(883,'Todos os seus sonhos estão a um passo da sua zona de conforto.','FR','2017-03-13',NULL,'V','95528fad2598cca411858817a50c29f5'),(884,'Chegando ao destino não se esqueça de onde partiu.','FR','2017-03-13',NULL,'V','1cfa5e10630e1a92a672ca5b7ba96698'),(886,'aas','FR','2017-07-02',49,NULL,'37f31694ce2528a64cfacc73c612ef06');

/*Table structure for table `mensagemxtag` */

CREATE TABLE `mensagemxtag` (
  `id_mensagem` int(8) DEFAULT NULL,
  `id_tag` int(8) DEFAULT NULL,
  KEY `id_mensagem` (`id_mensagem`),
  KEY `id_tag` (`id_tag`),
  CONSTRAINT `mensagemxtag_ibfk_1` FOREIGN KEY (`id_mensagem`) REFERENCES `mensagem` (`id`),
  CONSTRAINT `mensagemxtag_ibfk_2` FOREIGN KEY (`id_tag`) REFERENCES `tags` (`id`)
) ENGINE=InnoDB DEFAULT CHARSET=latin1 AVG_ROW_LENGTH=819 ROW_FORMAT=DYNAMIC;

/*Data for the table `mensagemxtag` */

insert  into `mensagemxtag`(`id_mensagem`,`id_tag`) values (85,10),(85,29),(123,49),(129,24),(129,12),(130,6),(131,1),(131,6),(132,55),(133,15),(886,14);

/*Table structure for table `seg_usuarios` */

CREATE TABLE `seg_usuarios` (
  `id` int(10) NOT NULL AUTO_INCREMENT,
  `nm_usuario` varchar(50) DEFAULT NULL,
  `tx_email` varchar(50) DEFAULT NULL,
  `tx_login` varchar(20) DEFAULT NULL,
  `tx_senha` varchar(50) DEFAULT NULL,
  `dt_cad` date DEFAULT NULL,
  `cd_status` char(2) DEFAULT NULL,
  `cd_nivel` int(2) DEFAULT NULL,
  `tx_token` varchar(255) DEFAULT NULL,
  `tx_senha_provisoria` varchar(50) DEFAULT NULL,
  `nu_tentativas_acesso` int(10) DEFAULT NULL,
  `nu_acessos` int(10) DEFAULT NULL,
  `id_pessoa` int(10) DEFAULT NULL,
  PRIMARY KEY (`id`)
) ENGINE=InnoDB DEFAULT CHARSET=latin1;

/*Data for the table `seg_usuarios` */

/*Table structure for table `tags` */

CREATE TABLE `tags` (
  `id` int(8) NOT NULL AUTO_INCREMENT,
  `nm_tag` varchar(50) DEFAULT NULL,
  PRIMARY KEY (`id`),
  UNIQUE KEY `nm_tag` (`nm_tag`)
) ENGINE=InnoDB AUTO_INCREMENT=69 DEFAULT CHARSET=latin1;

/*Data for the table `tags` */

insert  into `tags`(`id`,`nm_tag`) values (1,'Esperança'),(5,'Otimismo'),(6,'Incentivo'),(7,'Bom dia'),(8,'Boa semana'),(9,'Amizade'),(10,'Amor'),(11,'Religiosa'),(12,'Reflexão'),(13,'Admiração'),(14,'Adultério'),(15,'Adversidade'),(16,'Advogados'),(17,'Agradecimento'),(18,'Ajuda'),(19,'Alegria'),(21,'Amizade Verdadeira'),(23,'Amor ao Próximo'),(24,'Amor Eterno'),(25,'Amor para Namorada'),(26,'Amor para Namorado'),(27,'Aniversário'),(28,'Ano Novo'),(29,'Ansiedade'),(30,'Auto Ajuda'),(31,'Autocontrole'),(32,'Autoestima'),(33,'Amigos'),(34,'Ambição'),(35,'Amizade Sincera'),(36,'Bonitas'),(37,'Bíblia'),(38,'Beijo'),(39,'Bem'),(40,'Boa Noite'),(41,'Boa Tarde'),(42,'Boas Vindas'),(43,'Célebres'),(44,'Curtas'),(45,'Caminhão'),(46,'Carinho'),(47,'Casamento'),(48,'Ciúmes'),(49,'Confiança'),(50,'Conquista'),(51,'Conselho'),(52,'Coragem'),(53,'Conquistar'),(54,'Convites de Casamento'),(55,'Conhecimento'),(56,'Decepção'),(57,'Desculpas'),(58,'Despedida'),(59,'Deus'),(60,'Dia das Crianças'),(61,'Dia das Mães'),(62,'Dia do Amigo'),(63,'Dia dos Pais'),(64,'Dia da Mulher'),(65,'Dia do Professor'),(66,'Divertidas'),(67,'Dia dos Namorados'),(68,'Dinheiro');

SET SQL_MODE=@OLD_SQL_MODE;
SET FOREIGN_KEY_CHECKS=@OLD_FOREIGN_KEY_CHECKS;
